kickoff,season,home_team,away_team,home_team_score,away_team_score,home_penalty_score,away_penalty_score,is_playoff
2013-04-14 17:00:00,2013,CHI,RGN,1,1,0,0,False
2013-04-14 18:00:00,2013,NJY,WNY,1,0,0,0,False
2013-04-14 18:30:00,2013,BOS,WAS,1,1,0,0,False
2013-04-13 19:35:00,2013,KC,POR,1,1,0,0,False
2013-04-20 19:00:00,2013,WAS,WNY,1,1,0,0,False
2013-04-21 14:00:00,2013,POR,RGN,2,1,0,0,False
2013-04-27 19:00:00,2013,WAS,NJY,1,2,0,0,False
2013-04-26 19:35:00,2013,KC,RGN,2,0,0,0,False
2013-04-27 19:35:00,2013,WNY,BOS,1,2,0,0,False
2013-04-27 19:00:00,2013,CHI,POR,0,2,0,0,False
2013-05-01 19:05:00,2013,WNY,NJY,2,1,0,0,False
2013-05-04 18:00:00,2013,BOS,CHI,4,1,0,0,False
2013-05-04 19:00:00,2013,WAS,POR,1,2,0,0,False
2013-05-04 20:00:00,2013,RGN,KC,0,1,0,0,False
2013-05-08 19:00:00,2013,NJY,CHI,1,1,0,0,False
2013-05-11 19:00:00,2013,WAS,BOS,1,1,0,0,False
2013-05-11 19:00:00,2013,NJY,RGN,2,0,0,0,False
2013-05-11 19:35:00,2013,WNY,KC,2,1,0,0,False
2013-05-12 17:00:00,2013,CHI,POR,0,2,0,0,False
2013-05-16 19:00:00,2013,RGN,WAS,2,4,0,0,False
2013-05-16 19:30:00,2013,POR,NJY,0,1,0,0,False
2013-05-19 14:00:00,2013,POR,WAS,2,0,0,0,False
2013-05-18 19:35:00,2013,KC,BOS,2,0,0,0,False
2013-05-19 18:00:00,2013,RGN,NJY,0,3,0,0,False
2013-05-24 19:05:00,2013,WNY,CHI,2,1,0,0,False
2013-05-25 19:00:00,2013,BOS,WAS,3,0,0,0,False
2013-05-25 19:00:00,2013,RGN,POR,0,1,0,0,False
2013-05-25 19:35:00,2013,KC,NJY,0,1,0,0,False
2013-06-01 14:00:00,2013,POR,CHI,0,2,0,0,False
2013-06-01 19:00:00,2013,NJY,BOS,5,1,0,0,False
2013-06-05 19:00:00,2013,BOS,WNY,2,2,0,0,False
2013-06-06 19:30:00,2013,POR,KC,4,3,0,0,False
2013-06-08 19:00:00,2013,NJY,WNY,0,3,0,0,False
2013-06-09 15:00:00,2013,CHI,BOS,1,0,0,0,False
2013-06-09 19:00:00,2013,RGN,KC,0,1,0,0,False
2013-06-13 18:30:00,2013,CHI,KC,0,2,0,0,False
2013-06-15 19:00:00,2013,WAS,WNY,0,2,0,0,False
2013-06-16 14:00:00,2013,POR,RGN,2,0,0,0,False
2013-06-16 15:10:00,2013,KC,CHI,1,3,0,0,False
2013-06-16 18:30:00,2013,BOS,NJY,2,3,0,0,False
2013-06-19 18:30:00,2013,CHI,WNY,2,2,0,0,False
2013-06-22 19:00:00,2013,NJY,POR,0,0,0,0,False
2013-06-23 15:10:00,2013,KC,WAS,2,0,0,0,False
2013-06-23 16:05:00,2013,WNY,RGN,1,1,0,0,False
2013-06-26 19:00:00,2013,BOS,RGN,1,2,0,0,False
2013-06-26 19:00:00,2013,NJY,KC,2,2,0,0,False
2013-06-28 19:05:00,2013,WNY,WAS,4,0,0,0,False
2013-06-30 15:10:00,2013,KC,POR,2,0,0,0,False
2013-06-30 18:30:00,2013,BOS,NJY,3,2,0,0,False
2013-06-29 20:00:00,2013,RGN,CHI,3,1,0,0,False
2013-07-03 19:30:00,2013,WAS,KC,1,1,0,0,False
2013-07-04 13:00:00,2013,CHI,WNY,1,0,0,0,False
2013-07-03 19:00:00,2013,RGN,BOS,1,1,0,0,False
2013-07-06 19:00:00,2013,NJY,WAS,1,0,0,0,False
2013-07-07 15:10:00,2013,KC,WNY,0,0,0,0,False
2013-07-06 19:30:00,2013,POR,BOS,0,2,0,0,False
2013-07-10 19:30:00,2013,WAS,CHI,0,2,0,0,False
2013-07-11 19:00:00,2013,RGN,WNY,3,2,0,0,False
2013-07-13 19:00:00,2013,NJY,BOS,0,0,0,0,False
2013-07-14 14:00:00,2013,POR,WNY,1,1,0,0,False
2013-07-14 15:00:00,2013,CHI,KC,3,3,0,0,False
2013-07-14 17:30:00,2013,RGN,WAS,2,1,0,0,False
2013-07-20 18:00:00,2013,CHI,WAS,1,0,0,0,False
2013-07-21 13:30:00,2013,WNY,NJY,3,0,0,0,False
2013-07-21 16:00:00,2013,BOS,POR,1,2,0,0,False
2013-07-20 19:35:00,2013,KC,RGN,2,0,0,0,False
2013-07-24 19:35:00,2013,KC,BOS,3,0,0,0,False
2013-07-25 19:00:00,2013,RGN,CHI,4,1,0,0,False
2013-07-27 19:00:00,2013,WAS,BOS,2,5,0,0,False
2013-07-28 16:00:00,2013,POR,CHI,3,3,0,0,False
2013-07-28 18:00:00,2013,NJY,KC,0,1,0,0,False
2013-07-31 19:05:00,2013,WNY,WAS,3,0,0,0,False
2013-07-31 19:30:00,2013,POR,NJY,3,1,0,0,False
2013-08-03 18:00:00,2013,BOS,WNY,2,2,0,0,False
2013-08-03 18:00:00,2013,CHI,RGN,3,1,0,0,False
2013-08-03 19:00:00,2013,NJY,WAS,1,0,0,0,False
2013-08-04 17:30:00,2013,POR,KC,2,3,0,0,False
2013-08-07 19:00:00,2013,BOS,POR,2,1,0,0,False
2013-08-07 19:05:00,2013,WNY,RGN,1,0,0,0,False
2013-08-07 19:30:00,2013,WAS,CHI,1,0,0,0,False
2013-08-10 18:00:00,2013,CHI,NJY,3,3,0,0,False
2013-08-10 18:00:00,2013,BOS,KC,1,0,0,0,False
2013-08-10 19:00:00,2013,WAS,RGN,1,0,0,0,False
2013-08-10 19:35:00,2013,WNY,POR,0,0,0,0,False
2013-08-18 15:10:00,2013,KC,CHI,1,2,0,0,False
2013-08-18 17:00:00,2013,WAS,NJY,1,1,0,0,False
2013-08-17 20:00:00,2013,WNY,BOS,2,1,0,0,False
2013-08-17 20:00:00,2013,RGN,POR,1,2,0,0,False
2013-08-24 13:00:00,2013,KC,POR,2,3,0,0,True
2013-08-24 20:00:00,2013,WNY,NJY,2,0,0,0,True
2013-08-31 20:00:00,2013,WNY,POR,0,2,0,0,True
2014-04-12 19:00:00,2014,KC,NJY,1,1,0,0,False
2014-04-13 19:00:00,2014,WAS,WNY,1,3,0,0,False
2014-04-12 19:00:00,2014,HOU,POR,0,1,0,0,False
2014-04-13 19:00:00,2014,RGN,BOS,3,0,0,0,False
2014-04-19 19:00:00,2014,WAS,KC,3,1,0,0,False
2014-04-19 19:00:00,2014,NJY,POR,1,1,0,0,False
2014-04-19 19:00:00,2014,CHI,WNY,1,0,0,0,False
2014-04-20 19:00:00,2014,BOS,HOU,2,3,0,0,False
2014-04-23 19:00:00,2014,RGN,WAS,3,1,0,0,False
2014-04-26 19:00:00,2014,CHI,WAS,0,1,0,0,False
2014-04-27 19:00:00,2014,BOS,NJY,3,2,0,0,False
2014-04-26 19:00:00,2014,POR,KC,3,1,0,0,False
2014-04-27 19:00:00,2014,RGN,HOU,2,0,0,0,False
2014-04-30 19:00:00,2014,NJY,RGN,0,2,0,0,False
2014-04-30 19:00:00,2014,KC,CHI,1,0,0,0,False
2014-05-03 19:00:00,2014,WAS,RGN,1,2,0,0,False
2014-05-03 19:00:00,2014,WNY,POR,1,1,0,0,False
2014-05-03 19:00:00,2014,NJY,BOS,1,0,0,0,False
2014-05-03 19:00:00,2014,HOU,KC,0,4,0,0,False
2014-05-07 19:00:00,2014,NJY,CHI,1,1,0,0,False
2014-05-07 19:00:00,2014,WNY,KC,2,1,0,0,False
2014-05-10 19:00:00,2014,POR,RGN,0,1,0,0,False
2014-05-11 19:00:00,2014,WNY,NJY,2,0,0,0,False
2014-05-11 19:00:00,2014,KC,WAS,2,1,0,0,False
2014-05-11 19:00:00,2014,CHI,HOU,1,0,0,0,False
2014-05-15 19:00:00,2014,BOS,CHI,1,3,0,0,False
2014-05-14 19:00:00,2014,RGN,KC,3,2,0,0,False
2014-05-14 19:00:00,2014,HOU,POR,0,1,0,0,False
2014-05-17 19:00:00,2014,WAS,WNY,3,2,0,0,False
2014-05-18 19:00:00,2014,BOS,CHI,1,4,0,0,False
2014-05-18 19:00:00,2014,KC,HOU,2,2,0,0,False
2014-05-21 19:00:00,2014,WAS,NJY,3,3,0,0,False
2014-05-21 19:00:00,2014,KC,RGN,1,1,0,0,False
2014-05-21 19:00:00,2014,POR,WNY,2,1,0,0,False
2014-05-23 19:00:00,2014,HOU,CHI,1,3,0,0,False
2014-05-24 19:00:00,2014,POR,NJY,0,1,0,0,False
2014-05-25 19:00:00,2014,BOS,KC,0,2,0,0,False
2014-05-26 19:00:00,2014,WAS,HOU,3,2,0,0,False
2014-05-25 19:00:00,2014,RGN,WNY,2,2,0,0,False
2014-05-28 19:00:00,2014,BOS,POR,4,1,0,0,False
2014-05-28 19:00:00,2014,NJY,CHI,0,2,0,0,False
2014-05-31 19:00:00,2014,WNY,HOU,1,2,0,0,False
2014-06-01 19:00:00,2014,NJY,RGN,1,3,0,0,False
2014-06-01 19:00:00,2014,BOS,WAS,2,3,0,0,False
2014-06-04 19:00:00,2014,CHI,WAS,0,1,0,0,False
2014-06-04 19:00:00,2014,KC,WNY,1,0,0,0,False
2014-06-07 19:00:00,2014,POR,WNY,0,5,0,0,False
2014-06-07 19:00:00,2014,KC,BOS,2,0,0,0,False
2014-06-08 19:00:00,2014,NJY,HOU,0,3,0,0,False
2014-06-07 19:00:00,2014,RGN,CHI,3,1,0,0,False
2014-06-11 19:00:00,2014,BOS,WAS,2,0,0,0,False
2014-06-11 19:00:00,2014,HOU,WNY,2,1,0,0,False
2014-06-14 19:00:00,2014,HOU,KC,1,2,0,0,False
2014-06-15 19:00:00,2014,CHI,NJY,2,2,0,0,False
2014-06-15 19:00:00,2014,POR,WAS,2,0,0,0,False
2014-06-18 19:00:00,2014,WNY,CHI,2,0,0,0,False
2014-06-19 19:00:00,2014,BOS,RGN,0,2,0,0,False
2014-06-21 19:00:00,2014,WAS,POR,1,6,0,0,False
2014-06-22 19:00:00,2014,NJY,BOS,1,1,0,0,False
2014-06-22 19:00:00,2014,WNY,RGN,1,2,0,0,False
2014-06-21 19:00:00,2014,KC,CHI,1,0,0,0,False
2014-06-25 19:00:00,2014,POR,NJY,1,2,0,0,False
2014-06-27 19:00:00,2014,WNY,BOS,2,1,0,0,False
2014-06-28 19:00:00,2014,RGN,NJY,0,0,0,0,False
2014-06-28 19:00:00,2014,HOU,WAS,0,1,0,0,False
2014-06-28 19:00:00,2014,KC,POR,1,0,0,0,False
2014-07-02 19:00:00,2014,WAS,BOS,3,3,0,0,False
2014-07-02 19:00:00,2014,WNY,RGN,1,2,0,0,False
2014-07-04 19:00:00,2014,POR,CHI,2,2,0,0,False
2014-07-05 19:00:00,2014,HOU,WNY,1,4,0,0,False
2014-07-06 19:00:00,2014,NJY,KC,0,5,0,0,False
2014-07-06 19:00:00,2014,RGN,BOS,3,2,0,0,False
2014-07-09 19:00:00,2014,CHI,POR,1,1,0,0,False
2014-07-11 19:00:00,2014,HOU,BOS,2,1,0,0,False
2014-07-12 19:00:00,2014,WNY,WAS,0,1,0,0,False
2014-07-12 19:00:00,2014,CHI,RGN,1,0,0,0,False
2014-07-13 19:00:00,2014,POR,KC,7,1,0,0,False
2014-07-17 19:00:00,2014,CHI,POR,1,1,0,0,False
2014-07-18 19:00:00,2014,WNY,KC,1,1,0,0,False
2014-07-17 19:00:00,2014,HOU,WAS,1,1,0,0,False
2014-07-20 19:00:00,2014,NJY,WAS,4,2,0,0,False
2014-07-20 19:00:00,2014,RGN,CHI,1,1,0,0,False
2014-07-20 19:00:00,2014,POR,BOS,6,3,0,0,False
2014-07-23 19:00:00,2014,WAS,POR,1,1,0,0,False
2014-07-25 19:00:00,2014,WNY,BOS,2,4,0,0,False
2014-07-26 19:00:00,2014,CHI,HOU,0,0,0,0,False
2014-07-27 19:00:00,2014,RGN,POR,5,0,0,0,False
2014-07-27 19:00:00,2014,KC,NJY,2,1,0,0,False
2014-07-30 19:00:00,2014,WAS,KC,2,1,0,0,False
2014-07-31 19:00:00,2014,NJY,WNY,1,0,0,0,False
2014-07-30 19:00:00,2014,HOU,RGN,1,4,0,0,False
2014-08-02 19:00:00,2014,WAS,CHI,2,1,0,0,False
2014-08-02 19:00:00,2014,KC,RGN,1,1,0,0,False
2014-08-03 19:00:00,2014,BOS,WNY,3,4,0,0,False
2014-08-03 19:00:00,2014,POR,HOU,1,0,0,0,False
2014-08-06 19:00:00,2014,RGN,HOU,4,1,0,0,False
2014-08-06 19:00:00,2014,KC,BOS,2,1,0,0,False
2014-08-09 19:00:00,2014,CHI,KC,2,1,0,0,False
2014-08-10 19:00:00,2014,BOS,POR,2,0,0,0,False
2014-08-09 19:00:00,2014,HOU,NJY,1,3,0,0,False
2014-08-09 19:00:00,2014,RGN,WAS,1,1,0,0,False
2014-08-13 19:00:00,2014,WNY,NJY,2,3,0,0,False
2014-08-13 19:00:00,2014,CHI,BOS,2,0,0,0,False
2014-08-16 19:00:00,2014,WAS,NJY,0,1,0,0,False
2014-08-17 19:00:00,2014,BOS,HOU,1,0,0,0,False
2014-08-16 19:00:00,2014,CHI,WNY,3,3,0,0,False
2014-08-17 19:00:00,2014,POR,RGN,1,0,0,0,False
2014-08-20 19:00:00,2014,NJY,HOU,1,0,0,0,False
2014-08-23 19:00:00,2014,KC,POR,2,0,0,0,True
2014-08-24 19:00:00,2014,RGN,WAS,2,1,0,0,True
2014-08-31 19:00:00,2014,RGN,KC,1,2,0,0,True
2015-04-10 19:00:00,2015,HOU,WAS,2,0,0,0,False
2015-04-11 19:00:00,2015,POR,BOS,4,1,0,0,False
2015-04-12 19:00:00,2015,RGN,WNY,5,1,0,0,False
2015-04-12 19:00:00,2015,KC,NJY,0,1,0,0,False
2015-04-18 19:00:00,2015,WAS,KC,3,1,0,0,False
2015-04-18 19:00:00,2015,NJY,HOU,1,1,0,0,False
2015-04-18 19:00:00,2015,POR,WNY,1,0,0,0,False
2015-04-18 19:00:00,2015,CHI,RGN,3,2,0,0,False
2015-04-23 19:00:00,2015,KC,RGN,1,0,0,0,False
2015-04-26 19:00:00,2015,NJY,WAS,1,3,0,0,False
2015-04-25 19:00:00,2015,CHI,POR,2,2,0,0,False
2015-04-26 19:00:00,2015,BOS,HOU,3,2,0,0,False
2015-05-02 19:00:00,2015,WNY,BOS,3,1,0,0,False
2015-05-02 19:00:00,2015,CHI,NJY,1,0,0,0,False
2015-05-02 19:00:00,2015,RGN,WAS,3,1,0,0,False
2015-05-02 19:00:00,2015,HOU,KC,0,2,0,0,False
2015-05-08 19:00:00,2015,WNY,KC,0,1,0,0,False
2015-05-09 19:00:00,2015,NJY,RGN,1,1,0,0,False
2015-05-09 19:00:00,2015,POR,WAS,2,2,0,0,False
2015-05-09 19:00:00,2015,CHI,BOS,3,0,0,0,False
2015-05-14 19:00:00,2015,KC,WNY,0,0,0,0,False
2015-05-16 19:00:00,2015,WAS,NJY,1,0,0,0,False
2015-05-15 19:00:00,2015,HOU,CHI,2,2,0,0,False
2015-05-16 19:00:00,2015,BOS,POR,1,0,0,0,False
2015-05-22 19:00:00,2015,BOS,NJY,1,1,0,0,False
2015-05-23 19:00:00,2015,WNY,WAS,3,2,0,0,False
2015-05-23 19:00:00,2015,POR,HOU,0,1,0,0,False
2015-05-23 19:00:00,2015,KC,CHI,1,2,0,0,False
2015-05-30 19:00:00,2015,WAS,POR,2,1,0,0,False
2015-05-30 19:00:00,2015,BOS,KC,1,0,0,0,False
2015-05-31 19:00:00,2015,NJY,HOU,1,1,0,0,False
2015-05-30 19:00:00,2015,RGN,CHI,0,0,0,0,False
2015-06-06 19:00:00,2015,WNY,CHI,3,1,0,0,False
2015-06-06 19:00:00,2015,WAS,BOS,1,1,0,0,False
2015-06-06 19:00:00,2015,RGN,NJY,3,0,0,0,False
2015-06-06 19:00:00,2015,HOU,POR,0,0,0,0,False
2015-06-19 19:00:00,2015,POR,KC,1,1,0,0,False
2015-06-20 19:00:00,2015,HOU,WNY,2,0,0,0,False
2015-06-21 19:00:00,2015,BOS,RGN,2,3,0,0,False
2015-06-27 19:00:00,2015,WAS,HOU,1,0,0,0,False
2015-06-28 19:00:00,2015,NJY,CHI,0,3,0,0,False
2015-06-27 19:00:00,2015,RGN,KC,2,1,0,0,False
2015-06-28 19:00:00,2015,BOS,WNY,0,2,0,0,False
2015-07-03 19:00:00,2015,WNY,RGN,1,1,0,0,False
2015-07-03 19:00:00,2015,POR,NJY,2,1,0,0,False
2015-07-03 19:00:00,2015,KC,WAS,3,0,0,0,False
2015-07-09 19:00:00,2015,BOS,KC,2,3,0,0,False
2015-07-11 19:00:00,2015,NJY,POR,1,0,0,0,False
2015-07-11 19:00:00,2015,RGN,WNY,4,2,0,0,False
2015-07-12 19:00:00,2015,HOU,CHI,1,2,0,0,False
2015-07-18 19:00:00,2015,WAS,RGN,3,0,0,0,False
2015-07-18 19:00:00,2015,CHI,BOS,1,1,0,0,False
2015-07-19 19:00:00,2015,WNY,NJY,3,3,0,0,False
2015-07-20 19:00:00,2015,KC,HOU,1,1,0,0,False
2015-07-22 19:00:00,2015,BOS,CHI,1,2,0,0,False
2015-07-22 19:00:00,2015,POR,RGN,0,1,0,0,False
2015-07-25 19:00:00,2015,WAS,CHI,1,1,0,0,False
2015-07-25 19:00:00,2015,NJY,BOS,3,1,0,0,False
2015-07-25 19:00:00,2015,WNY,HOU,0,1,0,0,False
2015-07-26 19:00:00,2015,RGN,POR,3,0,0,0,False
2015-07-29 19:00:00,2015,WNY,POR,0,2,0,0,False
2015-07-29 19:00:00,2015,HOU,KC,3,2,0,0,False
2015-08-01 19:00:00,2015,NJY,WNY,1,2,0,0,False
2015-08-01 19:00:00,2015,WAS,HOU,3,1,0,0,False
2015-08-01 19:00:00,2015,BOS,RGN,1,2,0,0,False
2015-08-01 19:00:00,2015,CHI,KC,2,2,0,0,False
2015-08-05 19:00:00,2015,POR,BOS,5,2,0,0,False
2015-08-07 19:00:00,2015,HOU,NJY,0,2,0,0,False
2015-08-08 19:00:00,2015,BOS,WAS,2,1,0,0,False
2015-08-08 19:00:00,2015,KC,WNY,4,0,0,0,False
2015-08-09 19:00:00,2015,POR,CHI,2,1,0,0,False
2015-08-12 19:00:00,2015,WAS,WNY,1,1,0,0,False
2015-08-12 19:00:00,2015,KC,POR,3,0,0,0,False
2015-08-12 19:00:00,2015,CHI,NJY,1,1,0,0,False
2015-08-12 19:00:00,2015,RGN,HOU,2,1,0,0,False
2015-08-16 19:00:00,2015,CHI,WAS,1,2,0,0,False
2015-08-21 19:00:00,2015,HOU,RGN,0,3,0,0,False
2015-08-22 19:00:00,2015,NJY,POR,1,0,0,0,False
2015-08-22 19:00:00,2015,KC,BOS,3,0,0,0,False
2015-08-23 19:00:00,2015,CHI,WNY,0,0,0,0,False
2015-08-26 19:00:00,2015,RGN,BOS,3,1,0,0,False
2015-08-27 19:00:00,2015,KC,WAS,0,0,0,0,False
2015-08-29 19:00:00,2015,WNY,CHI,0,2,0,0,False
2015-08-29 19:00:00,2015,RGN,NJY,1,1,0,0,False
2015-08-30 19:00:00,2015,HOU,BOS,1,0,0,0,False
2015-08-30 19:00:00,2015,POR,WAS,3,3,0,0,False
2015-09-02 19:00:00,2015,NJY,KC,2,3,0,0,False
2015-09-04 19:00:00,2015,WNY,POR,3,2,0,0,False
2015-09-05 19:00:00,2015,WAS,RGN,1,2,0,0,False
2015-09-06 19:00:00,2015,CHI,HOU,1,1,0,0,False
2015-09-13 19:00:00,2015,CHI,KC,0,3,0,0,True
2015-09-13 19:00:00,2015,RGN,WAS,3,0,0,0,True
2015-10-01 19:00:00,2015,KC,RGN,1,0,0,0,True
2016-04-16 19:00:00,2016,WAS,BOS,1,0,0,0,False
2016-04-16 20:30:00,2016,KC,WNY,0,1,0,0,False
2016-04-16 20:30:00,2016,HOU,CHI,3,1,0,0,False
2016-04-17 19:00:00,2016,RGN,NJY,1,2,0,0,False
2016-04-17 22:00:00,2016,POR,ORL,2,1,0,0,False
2016-04-23 19:00:00,2016,CHI,WNY,1,0,0,0,False
2016-04-23 19:30:00,2016,ORL,HOU,3,1,0,0,False
2016-04-23 20:30:00,2016,KC,POR,1,1,0,0,False
2016-04-24 18:00:00,2016,NJY,WAS,1,2,0,0,False
2016-04-24 18:30:00,2016,BOS,RGN,0,3,0,0,False
2016-04-29 19:00:00,2016,WNY,WAS,0,3,0,0,False
2016-04-29 20:30:00,2016,HOU,NJY,0,0,0,0,False
2016-05-01 17:00:00,2016,BOS,POR,0,1,0,0,False
2016-05-01 18:00:00,2016,CHI,ORL,1,0,0,0,False
2016-05-01 19:00:00,2016,RGN,KC,1,0,0,0,False
2016-05-07 19:00:00,2016,NJY,WNY,1,2,0,0,False
2016-05-07 19:00:00,2016,WAS,POR,0,0,0,0,False
2016-05-07 19:00:00,2016,BOS,CHI,0,1,0,0,False
2016-05-07 20:30:00,2016,KC,HOU,1,2,0,0,False
2016-05-08 17:00:00,2016,ORL,RGN,2,0,0,0,False
2016-05-13 19:00:00,2016,NJY,BOS,1,0,0,0,False
2016-05-13 20:30:00,2016,KC,CHI,0,0,0,0,False
2016-05-14 19:00:00,2016,WAS,HOU,1,0,0,0,False
2016-05-14 19:30:00,2016,ORL,WNY,1,0,0,0,False
2016-05-14 22:00:00,2016,RGN,POR,1,1,0,0,False
2016-05-20 20:40:00,2016,HOU,ORL,0,1,0,0,False
2016-05-21 19:05:00,2016,WNY,NJY,5,2,0,0,False
2016-05-21 22:00:00,2016,POR,WAS,4,1,0,0,False
2016-05-22 18:30:00,2016,BOS,KC,1,0,0,0,False
2016-05-22 19:00:00,2016,RGN,CHI,1,2,0,0,False
2016-05-27 19:00:00,2016,WNY,BOS,4,0,0,0,False
2016-05-28 20:30:00,2016,KC,ORL,2,0,0,0,False
2016-05-29 19:00:00,2016,POR,RGN,0,0,0,0,False
2016-05-29 19:00:00,2016,CHI,NJY,1,1,0,0,False
2016-06-10 19:00:00,2016,BOS,WAS,1,1,0,0,False
2016-06-11 19:00:00,2016,NJY,KC,1,1,0,0,False
2016-06-11 19:05:00,2016,WNY,ORL,1,0,0,0,False
2016-06-12 18:05:00,2016,CHI,POR,1,1,0,0,False
2016-06-12 19:00:00,2016,RGN,HOU,1,0,0,0,False
2016-06-17 19:05:00,2016,WNY,POR,0,2,0,0,False
2016-06-18 19:00:00,2016,WAS,ORL,2,0,0,0,False
2016-06-18 20:00:00,2016,CHI,BOS,3,0,0,0,False
2016-06-19 18:00:00,2016,NJY,RGN,0,0,0,0,False
2016-06-19 20:30:00,2016,HOU,KC,0,1,0,0,False
2016-06-22 22:00:00,2016,POR,CHI,2,0,0,0,False
2016-06-23 19:30:00,2016,ORL,HOU,1,0,0,0,False
2016-06-24 19:00:00,2016,WNY,BOS,7,1,0,0,False
2016-06-25 19:00:00,2016,KC,RGN,0,0,0,0,False
2016-06-25 19:00:00,2016,WAS,NJY,1,2,0,0,False
2016-06-26 17:00:00,2016,ORL,POR,1,2,0,0,False
2016-07-01 20:20:00,2016,WNY,CHI,2,0,0,0,False
2016-07-02 19:00:00,2016,WAS,KC,2,0,0,0,False
2016-07-02 22:00:00,2016,RGN,BOS,2,0,0,0,False
2016-07-02 22:30:00,2016,POR,NJY,2,1,0,0,False
2016-07-09 19:00:00,2016,WNY,RGN,3,2,0,0,False
2016-07-09 19:00:00,2016,NJY,HOU,1,0,0,0,False
2016-07-09 19:00:00,2016,WAS,CHI,2,0,0,0,False
2016-07-09 22:30:00,2016,POR,KC,1,2,0,0,False
2016-07-10 17:00:00,2016,ORL,BOS,2,1,0,0,False
2016-07-16 19:00:00,2016,KC,WAS,2,3,0,0,False
2016-07-16 19:30:00,2016,ORL,CHI,0,1,0,0,False
2016-07-16 20:30:00,2016,HOU,POR,3,0,0,0,False
2016-07-16 22:00:00,2016,RGN,WNY,1,1,0,0,False
2016-07-17 17:00:00,2016,BOS,NJY,2,3,0,0,False
2016-07-23 19:00:00,2016,NJY,WAS,1,0,0,0,False
2016-07-23 19:05:00,2016,WNY,KC,0,1,0,0,False
2016-07-23 20:00:00,2016,CHI,HOU,1,1,0,0,False
2016-07-23 22:00:00,2016,RGN,ORL,5,2,0,0,False
2016-07-30 20:00:00,2016,CHI,KC,1,0,0,0,False
2016-07-30 20:30:00,2016,HOU,WNY,3,3,0,0,False
2016-07-30 22:50:00,2016,POR,RGN,1,0,0,0,False
2016-07-31 11:00:00,2016,WAS,NJY,3,1,0,0,False
2016-07-31 18:00:00,2016,BOS,ORL,1,0,0,0,False
2016-08-18 20:00:00,2016,HOU,WAS,1,2,0,0,False
2016-08-26 19:30:00,2016,ORL,WAS,1,2,0,0,False
2016-08-27 17:00:00,2016,RGN,POR,3,1,0,0,False
2016-08-27 19:00:00,2016,WNY,HOU,2,2,0,0,False
2016-08-27 19:00:00,2016,NJY,CHI,1,3,0,0,False
2016-08-28 18:00:00,2016,KC,BOS,0,2,0,0,False
2016-08-31 20:00:00,2016,BOS,HOU,1,3,0,0,False
2016-09-03 19:00:00,2016,WAS,WNY,1,1,0,0,False
2016-09-03 20:30:00,2016,HOU,ORL,4,2,0,0,False
2016-09-04 18:00:00,2016,KC,NJY,2,1,0,0,False
2016-09-04 19:00:00,2016,CHI,RGN,2,2,0,0,False
2016-09-04 19:00:00,2016,POR,BOS,5,1,0,0,False
2016-09-07 19:00:00,2016,NJY,ORL,1,1,0,0,False
2016-09-07 19:00:00,2016,BOS,WNY,2,2,0,0,False
2016-09-07 20:00:00,2016,WAS,RGN,2,1,0,0,False
2016-09-07 20:00:00,2016,CHI,KC,2,3,0,0,False
2016-09-07 22:00:00,2016,POR,HOU,3,0,0,0,False
2016-09-10 19:30:00,2016,ORL,NJY,1,2,0,0,False
2016-09-11 18:00:00,2016,KC,CHI,0,0,0,0,False
2016-09-11 19:00:00,2016,HOU,BOS,4,1,0,0,False
2016-09-11 21:30:00,2016,POR,WNY,3,2,0,0,False
2016-09-11 22:00:00,2016,RGN,WAS,2,0,0,0,False
2016-09-24 17:00:00,2016,ORL,KC,1,2,0,0,False
2016-09-24 19:00:00,2016,BOS,WNY,0,4,0,0,False
2016-09-24 20:00:00,2016,CHI,WAS,3,1,0,0,False
2016-09-25 19:00:00,2016,NJY,POR,1,3,0,0,False
2016-09-25 21:30:00,2016,HOU,RGN,2,3,0,0,False
2016-09-30 20:00:00,2016,WAS,CHI,2,1,0,0,True
2016-10-02 17:00:00,2016,POR,WNY,3,4,0,0,True
2016-10-09 17:10:00,2016,WAS,WNY,1,1,2,3,True
2017-04-15 14:00:00,2017,HOU,CHI,2,0,0,0,False
2017-04-15 15:00:00,2017,WAS,NC,0,1,0,0,False
2017-04-15 15:00:00,2017,POR,ORL,2,0,0,0,False
2017-04-15 22:00:00,2017,RGN,NJY,1,1,0,0,False
2017-04-16 18:00:00,2017,KC,BOS,2,0,0,0,False
2017-04-22 16:00:00,2017,CHI,KC,1,0,0,0,False
2017-04-22 16:00:00,2017,ORL,WAS,1,1,0,0,False
2017-04-22 19:30:00,2017,NC,POR,1,0,0,0,False
2017-04-22 22:00:00,2017,RGN,HOU,5,1,0,0,False
2017-04-23 16:00:00,2017,BOS,NJY,1,0,0,0,False
2017-04-29 16:00:00,2017,NC,ORL,3,1,0,0,False
2017-04-29 16:00:00,2017,POR,CHI,1,0,0,0,False
2017-04-29 19:00:00,2017,WAS,HOU,0,1,0,0,False
2017-04-29 19:00:00,2017,BOS,RGN,3,0,0,0,False
2017-04-30 18:00:00,2017,NJY,KC,1,0,0,0,False
2017-05-06 16:00:00,2017,CHI,HOU,2,0,0,0,False
2017-05-06 19:00:00,2017,WAS,NJY,4,3,0,0,False
2017-05-06 22:00:00,2017,POR,RGN,2,2,0,0,False
2017-05-07 18:00:00,2017,BOS,NC,0,1,0,0,False
2017-05-07 18:00:00,2017,KC,ORL,1,1,0,0,False
2017-05-13 16:00:00,2017,KC,POR,0,0,0,0,False
2017-05-13 16:00:00,2017,HOU,NJY,1,3,0,0,False
2017-05-13 16:00:00,2017,RGN,WAS,6,2,0,0,False
2017-05-14 17:00:00,2017,ORL,NC,3,1,0,0,False
2017-05-14 18:00:00,2017,CHI,BOS,1,1,0,0,False
2017-05-19 19:00:00,2017,BOS,POR,2,2,0,0,False
2017-05-20 16:00:00,2017,NJY,HOU,2,1,0,0,False
2017-05-20 19:00:00,2017,WAS,KC,0,1,0,0,False
2017-05-21 16:00:00,2017,NC,CHI,1,3,0,0,False
2017-05-21 21:30:00,2017,RGN,ORL,1,1,0,0,False
2017-05-24 19:30:00,2017,NC,NJY,2,0,0,0,False
2017-05-27 16:00:00,2017,CHI,NC,3,2,0,0,False
2017-05-27 16:00:00,2017,HOU,RGN,0,2,0,0,False
2017-05-27 19:00:00,2017,NJY,ORL,2,1,0,0,False
2017-05-27 20:00:00,2017,KC,WAS,3,2,0,0,False
2017-05-27 22:00:00,2017,POR,BOS,2,0,0,0,False
2017-06-03 15:30:00,2017,NC,KC,2,0,0,0,False
2017-06-03 19:00:00,2017,NJY,POR,0,2,0,0,False
2017-06-03 19:00:00,2017,WAS,HOU,2,0,0,0,False
2017-06-03 19:30:00,2017,ORL,BOS,2,0,0,0,False
2017-06-04 15:00:00,2017,CHI,RGN,1,0,0,0,False
2017-06-17 16:00:00,2017,CHI,WAS,1,1,0,0,False
2017-06-17 19:30:00,2017,NC,BOS,3,1,0,0,False
2017-06-17 20:00:00,2017,KC,RGN,2,2,0,0,False
2017-06-17 20:30:00,2017,HOU,ORL,2,4,0,0,False
2017-06-17 22:00:00,2017,POR,NJY,1,3,0,0,False
2017-06-24 15:30:00,2017,ORL,HOU,0,2,0,0,False
2017-06-24 16:00:00,2017,BOS,NC,0,1,0,0,False
2017-06-24 19:00:00,2017,WAS,POR,1,0,0,0,False
2017-06-24 22:00:00,2017,RGN,KC,1,1,0,0,False
2017-06-25 18:00:00,2017,CHI,NJY,2,1,0,0,False
2017-06-28 19:00:00,2017,NJY,ORL,2,3,0,0,False
2017-06-28 21:00:00,2017,HOU,BOS,0,0,0,0,False
2017-06-28 22:00:00,2017,POR,KC,3,0,0,0,False
2017-06-28 22:30:00,2017,RGN,CHI,2,1,0,0,False
2017-07-01 15:30:00,2017,NC,NJY,0,1,0,0,False
2017-07-01 16:00:00,2017,BOS,WAS,1,0,0,0,False
2017-07-01 18:00:00,2017,ORL,CHI,0,1,0,0,False
2017-07-01 22:30:00,2017,RGN,POR,2,0,0,0,False
2017-07-02 20:00:00,2017,KC,HOU,1,2,0,0,False
2017-07-07 19:00:00,2017,BOS,CHI,0,0,0,0,False
2017-07-08 15:30:00,2017,WAS,ORL,2,2,0,0,False
2017-07-08 19:00:00,2017,NJY,KC,3,2,0,0,False
2017-07-08 19:30:00,2017,NC,RGN,2,0,0,0,False
2017-07-08 22:09:00,2017,HOU,POR,1,1,0,0,False
2017-07-15 15:30:00,2017,POR,NC,1,0,0,0,False
2017-07-15 19:00:00,2017,NJY,CHI,2,2,0,0,False
2017-07-15 19:30:00,2017,ORL,KC,4,1,0,0,False
2017-07-15 20:30:00,2017,HOU,WAS,2,1,0,0,False
2017-07-15 22:00:00,2017,RGN,BOS,1,1,0,0,False
2017-07-22 15:30:00,2017,CHI,ORL,2,1,0,0,False
2017-07-22 20:30:00,2017,HOU,BOS,1,0,0,0,False
2017-07-22 22:00:00,2017,POR,WAS,2,1,0,0,False
2017-07-22 22:00:00,2017,RGN,NJY,5,4,0,0,False
2017-08-04 19:00:00,2017,NJY,WAS,1,4,0,0,False
2017-08-04 19:00:00,2017,BOS,KC,2,2,0,0,False
2017-08-05 14:00:00,2017,POR,HOU,2,1,0,0,False
2017-08-05 19:30:00,2017,ORL,CHI,1,1,0,0,False
2017-08-05 19:30:00,2017,NC,RGN,1,0,0,0,False
2017-08-08 19:30:00,2017,ORL,WAS,3,0,0,0,False
2017-08-10 20:00:00,2017,KC,NC,0,1,0,0,False
2017-08-12 15:30:00,2017,WAS,BOS,2,2,0,0,False
2017-08-12 20:00:00,2017,CHI,POR,2,3,0,0,False
2017-08-12 20:00:00,2017,ORL,NJY,5,0,0,0,False
2017-08-13 20:30:00,2017,HOU,KC,0,1,0,0,False
2017-08-13 21:00:00,2017,RGN,NC,1,2,0,0,False
2017-08-16 19:30:00,2017,BOS,HOU,1,3,0,0,False
2017-08-16 20:00:00,2017,CHI,RGN,1,2,0,0,False
2017-08-16 22:10:00,2017,KC,POR,2,1,0,0,False
2017-08-19 15:30:00,2017,NC,WAS,2,0,0,0,False
2017-08-19 16:00:00,2017,BOS,ORL,1,2,0,0,False
2017-08-19 19:00:00,2017,NJY,RGN,5,4,0,0,False
2017-08-19 22:00:00,2017,POR,HOU,2,0,0,0,False
2017-08-20 18:00:00,2017,CHI,KC,1,3,0,0,False
2017-08-26 15:30:00,2017,KC,ORL,1,2,0,0,False
2017-08-26 16:00:00,2017,RGN,POR,1,2,0,0,False
2017-08-26 19:00:00,2017,WAS,CHI,1,2,0,0,False
2017-08-26 19:00:00,2017,NJY,BOS,1,0,0,0,False
2017-08-30 19:30:00,2017,WAS,NC,2,3,0,0,False
2017-09-02 15:30:00,2017,POR,WAS,4,0,0,0,False
2017-09-02 19:30:00,2017,ORL,BOS,4,2,0,0,False
2017-09-03 18:00:00,2017,KC,NJY,4,1,0,0,False
2017-09-03 18:00:00,2017,CHI,NC,2,1,0,0,False
2017-09-03 20:00:00,2017,HOU,RGN,0,1,0,0,False
2017-09-07 20:00:00,2017,ORL,RGN,1,1,0,0,False
2017-09-09 15:30:00,2017,KC,CHI,0,0,0,0,False
2017-09-09 19:30:00,2017,NC,HOU,1,0,0,0,False
2017-09-10 18:00:00,2017,BOS,POR,0,1,0,0,False
2017-09-10 18:00:00,2017,NJY,WAS,1,2,0,0,False
2017-09-23 15:30:00,2017,ORL,POR,0,0,0,0,False
2017-09-23 19:00:00,2017,WAS,BOS,0,3,0,0,False
2017-09-23 20:30:00,2017,HOU,CHI,2,3,0,0,False
2017-09-24 18:00:00,2017,NJY,NC,1,1,0,0,False
2017-09-24 21:00:00,2017,RGN,KC,0,1,0,0,False
2017-09-27 20:00:00,2017,HOU,NC,0,4,0,0,False
2017-09-30 15:30:00,2017,POR,CHI,3,1,0,0,False
2017-09-30 19:00:00,2017,BOS,NJY,3,4,0,0,False
2017-09-30 19:00:00,2017,WAS,RGN,2,3,0,0,False
2017-09-30 19:30:00,2017,NC,ORL,2,3,0,0,False
2017-10-01 18:00:00,2017,KC,HOU,1,1,0,0,False
2017-10-07 15:30:00,2017,POR,ORL,4,1,0,0,True
2017-10-08 15:30:00,2017,NC,CHI,1,0,0,0,True
2017-10-14 16:30:00,2017,NC,POR,0,1,0,0,True
2018-03-24 15:30:00,2018,NC,POR,1,0,0,0,False
2018-03-24 19:30:00,2018,ORL,UTA,1,1,0,0,False
2018-03-24 22:00:00,2018,RGN,WAS,2,1,0,0,False
2018-03-25 17:00:00,2018,HOU,CHI,1,1,0,0,False
2018-03-30 20:00:00,2018,HOU,UTA,0,0,0,0,False
2018-03-31 15:00:00,2018,NC,NJY,1,0,0,0,False
2018-03-31 15:30:00,2018,WAS,ORL,2,0,0,0,False
2018-03-31 20:15:00,2018,CHI,POR,2,3,0,0,False
2018-04-14 15:30:00,2018,UTA,CHI,0,1,0,0,False
2018-04-14 19:00:00,2018,WAS,NC,2,4,0,0,False
2018-04-15 17:00:00,2018,NJY,RGN,0,1,0,0,False
2018-04-15 18:00:00,2018,POR,ORL,2,1,0,0,False
2018-04-18 19:00:00,2018,NC,RGN,1,0,0,0,False
2018-04-18 19:30:00,2018,CHI,HOU,3,0,0,0,False
2018-04-20 22:30:00,2018,POR,WAS,1,1,0,0,False
2018-04-21 15:30:00,2018,NC,UTA,2,2,0,0,False
2018-04-21 20:00:00,2018,CHI,NJY,1,1,0,0,False
2018-04-22 17:00:00,2018,ORL,HOU,1,0,0,0,False
2018-04-28 15:30:00,2018,HOU,NC,0,2,0,0,False
2018-04-28 19:00:00,2018,WAS,CHI,1,1,0,0,False
2018-04-28 19:30:00,2018,ORL,RGN,1,1,0,0,False
2018-04-28 21:00:00,2018,UTA,POR,1,1,0,0,False
2018-05-02 19:30:00,2018,CHI,ORL,0,2,0,0,False
2018-05-05 15:30:00,2018,POR,RGN,2,3,0,0,False
2018-05-05 19:00:00,2018,NJY,HOU,2,3,0,0,False
2018-05-05 21:00:00,2018,UTA,WAS,2,0,0,0,False
2018-05-06 15:00:00,2018,NC,CHI,1,1,0,0,False
2018-05-09 20:00:00,2018,HOU,POR,1,1,0,0,False
2018-05-09 21:00:00,2018,UTA,ORL,0,0,0,0,False
2018-05-12 15:30:00,2018,POR,ORL,1,2,0,0,False
2018-05-12 19:00:00,2018,NC,WAS,1,0,0,0,False
2018-05-12 20:00:00,2018,CHI,HOU,2,2,0,0,False
2018-05-12 22:00:00,2018,RGN,NJY,4,1,0,0,False
2018-05-19 15:30:00,2018,UTA,HOU,1,0,0,0,False
2018-05-19 19:00:00,2018,WAS,POR,0,1,0,0,False
2018-05-19 19:00:00,2018,NJY,NC,1,2,0,0,False
2018-05-19 22:00:00,2018,RGN,CHI,0,0,0,0,False
2018-05-23 19:30:00,2018,WAS,NJY,1,0,0,0,False
2018-05-23 19:30:00,2018,ORL,NC,3,4,0,0,False
2018-05-23 20:00:00,2018,HOU,RGN,2,1,0,0,False
2018-05-25 22:30:00,2018,POR,UTA,2,0,0,0,False
2018-05-26 15:30:00,2018,CHI,ORL,2,5,0,0,False
2018-05-26 19:00:00,2018,NJY,RGN,0,1,0,0,False
2018-05-27 20:00:00,2018,HOU,WAS,3,2,0,0,False
2018-05-30 22:30:00,2018,POR,NC,1,4,0,0,False
2018-06-02 19:00:00,2018,NJY,UTA,1,2,0,0,False
2018-06-02 21:00:00,2018,WAS,CHI,0,2,0,0,False
2018-06-03 19:00:00,2018,HOU,NC,1,1,0,0,False
2018-06-03 21:00:00,2018,RGN,ORL,0,0,0,0,False
2018-06-08 19:00:00,2018,NJY,WAS,0,0,0,0,False
2018-06-16 19:00:00,2018,WAS,RGN,0,0,0,0,False
2018-06-16 19:00:00,2018,NC,UTA,0,1,0,0,False
2018-06-16 19:30:00,2018,ORL,NJY,3,2,0,0,False
2018-06-16 20:00:00,2018,CHI,POR,1,1,0,0,False
2018-06-22 20:30:00,2018,HOU,POR,1,3,0,0,False
2018-06-23 16:00:00,2018,RGN,NC,1,4,0,0,False
2018-06-23 19:00:00,2018,WAS,ORL,0,1,0,0,False
2018-06-23 20:00:00,2018,CHI,UTA,2,0,0,0,False
2018-06-27 19:30:00,2018,ORL,HOU,1,2,0,0,False
2018-06-27 22:00:00,2018,UTA,RGN,0,0,0,0,False
2018-06-27 22:30:00,2018,POR,NJY,1,1,0,0,False
2018-06-30 15:30:00,2018,ORL,NC,0,3,0,0,False
2018-06-30 22:00:00,2018,UTA,NJY,3,1,0,0,False
2018-06-30 22:00:00,2018,RGN,POR,1,0,0,0,False
2018-07-01 18:00:00,2018,CHI,WAS,2,0,0,0,False
2018-07-04 19:00:00,2018,NC,CHI,4,1,0,0,False
2018-07-06 23:00:00,2018,POR,UTA,4,0,0,0,False
2018-07-07 19:00:00,2018,NJY,CHI,1,3,0,0,False
2018-07-07 19:30:00,2018,ORL,WAS,2,1,0,0,False
2018-07-07 22:00:00,2018,RGN,HOU,3,1,0,0,False
2018-07-11 19:00:00,2018,NC,WAS,2,0,0,0,False
2018-07-11 20:30:00,2018,HOU,ORL,3,1,0,0,False
2018-07-11 22:30:00,2018,RGN,UTA,1,0,0,0,False
2018-07-14 19:00:00,2018,UTA,ORL,1,2,0,0,False
2018-07-14 19:00:00,2018,NJY,NC,0,4,0,0,False
2018-07-14 20:00:00,2018,CHI,RGN,1,0,0,0,False
2018-07-15 23:00:00,2018,POR,HOU,3,1,0,0,False
2018-07-20 22:00:00,2018,UTA,NC,0,0,0,0,False
2018-07-21 15:30:00,2018,ORL,RGN,1,1,0,0,False
2018-07-21 19:00:00,2018,NJY,POR,1,2,0,0,False
2018-07-22 10:00:00,2018,WAS,HOU,0,1,0,0,False
2018-08-05 18:00:00,2018,NC,POR,2,1,0,0,False
2018-08-05 19:30:00,2018,ORL,NJY,2,2,0,0,False
2018-08-05 20:30:00,2018,HOU,UTA,1,2,0,0,False
2018-08-05 21:00:00,2018,RGN,WAS,2,0,0,0,False
2018-08-08 22:00:00,2018,UTA,WAS,1,0,0,0,False
2018-08-10 20:00:00,2018,CHI,NC,1,1,0,0,False
2018-08-11 15:30:00,2018,UTA,RGN,0,1,0,0,False
2018-08-11 19:00:00,2018,NJY,HOU,1,2,0,0,False
2018-08-11 19:30:00,2018,ORL,POR,0,2,0,0,False
2018-08-15 22:30:00,2018,RGN,CHI,0,0,0,0,False
2018-08-17 20:30:00,2018,HOU,WAS,4,0,0,0,False
2018-08-18 18:30:00,2018,NJY,UTA,2,2,0,0,False
2018-08-18 22:30:00,2018,POR,CHI,2,2,0,0,False
2018-08-19 10:00:00,2018,NC,ORL,3,0,0,0,False
2018-08-21 22:30:00,2018,RGN,HOU,2,0,0,0,False
2018-08-22 19:30:00,2018,WAS,UTA,0,1,0,0,False
2018-08-22 23:00:00,2018,POR,NJY,2,1,0,0,False
2018-08-25 16:00:00,2018,RGN,NC,1,1,0,0,False
2018-08-25 19:30:00,2018,ORL,CHI,1,3,0,0,False
2018-08-25 20:00:00,2018,WAS,POR,0,1,0,0,False
2018-08-25 20:30:00,2018,HOU,NJY,6,1,0,0,False
2018-09-02 10:00:00,2018,WAS,NJY,1,1,0,0,False
2018-09-04 19:30:00,2018,CHI,NJY,5,0,0,0,False
2018-09-07 22:00:00,2018,POR,RGN,3,1,0,0,False
2018-09-08 12:00:00,2018,NJY,ORL,1,0,0,0,False
2018-09-08 15:30:00,2018,UTA,CHI,2,1,0,0,False
2018-09-08 19:30:00,2018,NC,HOU,5,0,0,0,False
2018-09-15 15:00:00,2018,POR,RGN,2,1,0,0,True
2018-09-18 21:00:00,2018,NC,CHI,2,0,0,0,True
2018-09-22 16:30:00,2018,NC,POR,3,0,0,0,True
2019-04-13 19:00:00,2019,WAS,NJY,2,0,0,0,False
2019-04-13 19:00:00,2019,NC,CHI,1,1,0,0,False
2019-04-14 17:00:00,2019,ORL,POR,0,2,0,0,False
2019-04-14 18:00:00,2019,HOU,RGN,1,1,0,0,False
2019-04-17 19:00:00,2019,NC,ORL,5,0,0,0,False
2019-04-20 15:30:00,2019,CHI,POR,4,4,0,0,False
2019-04-20 18:00:00,2019,NJY,HOU,0,1,0,0,False
2019-04-20 21:00:00,2019,UTA,WAS,1,0,0,0,False
2019-04-21 22:00:00,2019,RGN,ORL,1,1,0,0,False
2019-04-27 19:30:00,2019,ORL,UTA,0,1,0,0,False
2019-04-28 13:00:00,2019,CHI,RGN,3,0,0,0,False
2019-04-28 18:00:00,2019,HOU,NC,1,4,0,0,False
2019-04-28 18:00:00,2019,NJY,POR,2,2,0,0,False
2019-05-03 21:30:00,2019,UTA,CHI,1,0,0,0,False
2019-05-04 19:00:00,2019,WAS,RGN,0,0,0,0,False
2019-05-04 19:00:00,2019,NC,NJY,0,0,0,0,False
2019-05-05 18:00:00,2019,HOU,ORL,1,0,0,0,False
2019-05-11 15:00:00,2019,NJY,WAS,2,3,0,0,False
2019-05-11 15:30:00,2019,UTA,HOU,1,2,0,0,False
2019-05-11 19:30:00,2019,ORL,POR,1,3,0,0,False
2019-05-12 18:00:00,2019,CHI,NC,3,1,0,0,False
2019-05-18 16:00:00,2019,RGN,NJY,2,1,0,0,False
2019-05-18 19:00:00,2019,WAS,POR,3,1,0,0,False
2019-05-19 17:00:00,2019,NC,UTA,1,1,0,0,False
2019-05-19 18:00:00,2019,HOU,CHI,1,2,0,0,False
2019-05-25 18:00:00,2019,NJY,POR,0,1,0,0,False
2019-05-25 20:00:00,2019,UTA,ORL,2,0,0,0,False
2019-05-26 18:00:00,2019,CHI,WAS,0,2,0,0,False
2019-05-27 19:00:00,2019,RGN,NC,2,1,0,0,False
2019-06-01 19:00:00,2019,WAS,UTA,2,0,0,0,False
2019-06-01 19:30:00,2019,ORL,NC,0,3,0,0,False
2019-06-02 16:00:00,2019,RGN,HOU,1,1,0,0,False
2019-06-02 18:00:00,2019,POR,CHI,3,0,0,0,False
2019-06-15 19:45:00,2019,NC,POR,1,1,0,0,False
2019-06-15 20:30:00,2019,HOU,ORL,2,2,0,0,False
2019-06-15 22:00:00,2019,UTA,NJY,1,0,0,0,False
2019-06-15 22:00:00,2019,RGN,WAS,1,1,0,0,False
2019-06-21 23:00:00,2019,POR,UTA,0,0,0,0,False
2019-06-22 19:00:00,2019,WAS,HOU,0,0,0,0,False
2019-06-22 19:00:00,2019,NJY,ORL,1,2,0,0,False
2019-06-23 18:00:00,2019,CHI,RGN,0,1,0,0,False
2019-06-28 22:00:00,2019,UTA,RGN,0,2,0,0,False
2019-06-29 20:00:00,2019,WAS,NC,1,2,0,0,False
2019-06-29 22:00:00,2019,HOU,POR,1,2,0,0,False
2019-06-30 17:00:00,2019,ORL,CHI,2,3,0,0,False
2019-07-05 19:30:00,2019,NC,HOU,5,2,0,0,False
2019-07-05 23:00:00,2019,POR,RGN,0,1,0,0,False
2019-07-06 20:00:00,2019,CHI,NJY,1,2,0,0,False
2019-07-06 20:20:00,2019,ORL,WAS,4,3,0,0,False
2019-07-12 19:30:00,2019,NJY,UTA,1,0,0,0,False
2019-07-13 19:00:00,2019,NC,RGN,2,0,0,0,False
2019-07-13 21:00:00,2019,HOU,CHI,0,1,0,0,False
2019-07-14 15:00:00,2019,POR,ORL,4,3,0,0,False
2019-07-19 22:00:00,2019,UTA,POR,2,2,0,0,False
2019-07-20 19:30:00,2019,ORL,NJY,1,0,0,0,False
2019-07-20 20:00:00,2019,WAS,HOU,1,2,0,0,False
2019-07-21 18:00:00,2019,CHI,NC,2,1,0,0,False
2019-07-24 19:30:00,2019,NJY,WAS,0,1,0,0,False
2019-07-24 22:30:00,2019,POR,HOU,5,0,0,0,False
2019-07-27 22:00:00,2019,UTA,NC,1,2,0,0,False
2019-07-28 16:00:00,2019,RGN,CHI,0,4,0,0,False
2019-07-28 20:30:00,2019,HOU,NJY,1,0,0,0,False
2019-08-02 19:00:00,2019,HOU,RGN,0,1,0,0,False
2019-08-03 16:00:00,2019,NC,WAS,1,0,0,0,False
2019-08-03 20:00:00,2019,CHI,UTA,2,0,0,0,False
2019-08-03 23:00:00,2019,POR,NJY,1,1,0,0,False
2019-08-07 22:00:00,2019,UTA,NJY,3,0,0,0,False
2019-08-07 22:00:00,2019,RGN,POR,1,0,0,0,False
2019-08-10 19:00:00,2019,WAS,CHI,0,1,0,0,False
2019-08-10 19:30:00,2019,ORL,HOU,0,1,0,0,False
2019-08-11 15:00:00,2019,POR,NC,2,1,0,0,False
2019-08-11 16:00:00,2019,RGN,UTA,1,3,0,0,False
2019-08-14 19:00:00,2019,NJY,CHI,2,1,0,0,False
2019-08-17 19:30:00,2019,ORL,UTA,0,2,0,0,False
2019-08-17 22:30:00,2019,POR,WAS,3,1,0,0,False
2019-08-18 13:00:00,2019,NJY,RGN,1,1,0,0,False
2019-08-21 19:30:00,2019,CHI,ORL,1,2,0,0,False
2019-08-21 19:30:00,2019,WAS,UTA,0,0,0,0,False
2019-08-24 19:00:00,2019,NC,RGN,1,0,0,0,False
2019-08-24 19:30:00,2019,WAS,ORL,2,1,0,0,False
2019-08-24 20:30:00,2019,HOU,NJY,1,2,0,0,False
2019-08-25 15:00:00,2019,POR,CHI,3,0,0,0,False
2019-09-06 21:30:00,2019,UTA,POR,1,0,0,0,False
2019-09-07 15:00:00,2019,NJY,NC,1,2,0,0,False
2019-09-07 22:00:00,2019,RGN,ORL,3,1,0,0,False
2019-09-08 18:00:00,2019,CHI,HOU,3,0,0,0,False
2019-09-11 19:00:00,2019,ORL,CHI,0,1,0,0,False
2019-09-11 22:30:00,2019,POR,NC,0,6,0,0,False
2019-09-13 20:30:00,2019,HOU,UTA,2,1,0,0,False
2019-09-14 19:00:00,2019,NC,ORL,6,1,0,0,False
2019-09-14 19:30:00,2019,WAS,RGN,2,2,0,0,False
2019-09-15 17:00:00,2019,NJY,CHI,0,3,0,0,False
2019-09-17 19:30:00,2019,NC,HOU,1,0,0,0,False
2019-09-21 20:00:00,2019,CHI,WAS,3,1,0,0,False
2019-09-21 21:00:00,2019,UTA,NC,0,3,0,0,False
2019-09-21 22:00:00,2019,RGN,NJY,0,1,0,0,False
2019-09-21 22:30:00,2019,POR,HOU,1,0,0,0,False
2019-09-25 21:00:00,2019,HOU,WAS,0,0,0,0,False
2019-09-25 22:00:00,2019,RGN,UTA,2,1,0,0,False
2019-09-28 19:00:00,2019,WAS,NC,2,1,0,0,False
2019-09-28 20:00:00,2019,CHI,UTA,2,1,0,0,False
2019-09-29 11:00:00,2019,NJY,ORL,1,1,0,0,False
2019-09-29 14:00:00,2019,RGN,POR,2,0,0,0,False
2019-10-05 17:00:00,2019,ORL,WAS,0,3,0,0,False
2019-10-12 19:00:00,2019,NC,NJY,3,2,0,0,False
2019-10-12 19:30:00,2019,ORL,RGN,2,2,0,0,False
2019-10-12 21:00:00,2019,UTA,HOU,2,1,0,0,False
2019-10-12 22:30:00,2019,POR,WAS,0,0,0,0,False
2019-10-20 13:30:00,2019,NC,RGN,4,1,0,0,True
2019-10-20 15:30:00,2019,CHI,POR,1,0,0,0,True
2019-10-27 15:30:00,2019,NC,CHI,4,0,0,0,True
2020-06-27 12:30:00,2020 Challenge Cup,NC,POR,2,1,0,0,False
2020-06-27 22:00:00,2020 Challenge Cup,CHI,WAS,1,2,0,0,False
2020-06-30 12:30:00,2020 Challenge Cup,HOU,UTA,3,3,0,0,False
2020-06-30 22:00:00,2020 Challenge Cup,RGN,NJY,0,0,0,0,False
2020-07-01 12:30:00,2020 Challenge Cup,POR,CHI,0,0,0,0,False
2020-07-01 22:00:00,2020 Challenge Cup,WAS,NC,0,2,0,0,False
2020-07-04 12:30:00,2020 Challenge Cup,UTA,NJY,1,0,0,0,False
2020-07-04 22:00:00,2020 Challenge Cup,HOU,RGN,2,0,0,0,False
2020-07-05 12:30:00,2020 Challenge Cup,NC,CHI,1,0,0,0,False
2020-07-05 22:00:00,2020 Challenge Cup,POR,WAS,1,1,0,0,False
2020-07-08 12:30:00,2020 Challenge Cup,UTA,RGN,0,1,0,0,False
2020-07-08 22:00:00,2020 Challenge Cup,NJY,HOU,2,0,0,0,False
2020-07-12 12:30:00,2020 Challenge Cup,WAS,HOU,1,0,0,0,False
2020-07-12 22:00:00,2020 Challenge Cup,CHI,UTA,1,0,0,0,False
2020-07-13 12:30:00,2020 Challenge Cup,RGN,POR,0,0,0,0,False
2020-07-13 22:00:00,2020 Challenge Cup,NJY,NC,0,2,0,0,False
2020-07-17 12:30:00,2020 Challenge Cup,NC,POR,0,1,0,0,True
2020-07-17 22:00:00,2020 Challenge Cup,HOU,UTA,0,0,3,2,True
2020-07-18 12:30:00,2020 Challenge Cup,WAS,NJY,0,0,3,4,True
2020-07-18 22:00:00,2020 Challenge Cup,RGN,CHI,0,0,3,4,True
2020-07-22 12:30:00,2020 Challenge Cup,HOU,POR,1,0,0,0,True
2020-07-22 22:00:00,2020 Challenge Cup,CHI,NJY,3,2,0,0,True
2020-07-26 12:30:00,2020 Challenge Cup,HOU,CHI,2,0,0,0,True
2020-09-05 13:00:00,2020 Fall Series,WAS,NJY,1,2,0,0,False
2020-09-12 12:00:00,2020 Fall Series,WAS,CHI,2,1,0,0,False
2020-09-12 15:30:00,2020 Fall Series,NC,HOU,4,3,0,0,False
2020-09-19 13:00:00,2020 Fall Series,NC,ORL,0,0,0,0,False
2020-09-20 13:00:00,2020 Fall Series,CHI,NJY,4,1,0,0,False
2020-09-20 15:00:00,2020 Fall Series,POR,UTA,3,0,0,0,False
2020-09-26 13:00:00,2020 Fall Series,CHI,WAS,1,1,0,0,False
2020-09-26 15:30:00,2020 Fall Series,UTA,RGN,2,2,0,0,False
2020-09-26 20:30:00,2020 Fall Series,HOU,ORL,3,1,0,0,False
2020-09-30 22:00:00,2020 Fall Series,POR,RGN,4,1,0,0,False
2020-10-03 12:30:00,2020 Fall Series,NJY,WAS,0,1,0,0,False
2020-10-03 22:00:00,2020 Fall Series,UTA,POR,1,1,0,0,False
2020-10-04 19:00:00,2020 Fall Series,HOU,NC,4,1,0,0,False
2020-10-09 17:00:00,2020 Fall Series,ORL,HOU,1,2,0,0,False
2020-10-10 12:30:00,2020 Fall Series,NJY,CHI,3,1,0,0,False
2020-10-10 20:00:00,2020 Fall Series,RGN,POR,1,2,0,0,False
2020-10-17 16:00:00,2020 Fall Series,ORL,NC,3,3,0,0,False
2020-10-17 20:00:00,2020 Fall Series,RGN,UTA,2,0,0,0,False
2021-04-09 20:30:00,2021 Challenge Cup,HOU,CHI,0,0,0,0,False
2021-04-09 22:30:00,2021 Challenge Cup,POR,KCC,2,1,0,0,False
2021-04-10 15:30:00,2021 Challenge Cup,NC,WAS,3,2,0,0,False
2021-04-10 19:00:00,2021 Challenge Cup,LOU,ORL,2,2,0,0,False
2021-04-14 19:00:00,2021 Challenge Cup,ORL,NJY,0,1,0,0,False
2021-04-15 19:00:00,2021 Challenge Cup,WAS,LOU,1,0,0,0,False
2021-04-15 19:30:00,2021 Challenge Cup,CHI,POR,0,1,0,0,False
2021-04-16 22:00:00,2021 Challenge Cup,RGN,HOU,0,0,0,0,False
2021-04-20 18:00:00,2021 Challenge Cup,NJY,NC,4,3,0,0,False
2021-04-21 18:30:00,2021 Challenge Cup,CHI,KCC,1,1,0,0,False
2021-04-21 19:00:00,2021 Challenge Cup,ORL,WAS,1,0,0,0,False
2021-04-21 22:00:00,2021 Challenge Cup,POR,RGN,2,0,0,0,False
2021-04-26 18:00:00,2021 Challenge Cup,LOU,NC,2,3,0,0,False
2021-04-26 20:30:00,2021 Challenge Cup,KCC,HOU,1,3,0,0,False
2021-04-27 19:00:00,2021 Challenge Cup,WAS,NJY,0,0,0,0,False
2021-04-27 22:00:00,2021 Challenge Cup,RGN,CHI,3,2,0,0,False
2021-05-01 19:30:00,2021 Challenge Cup,NC,ORL,0,0,0,0,False
2021-05-02 12:30:00,2021 Challenge Cup,NJY,LOU,0,0,0,0,False
2021-05-02 19:30:00,2021 Challenge Cup,HOU,POR,1,1,0,0,False
2021-05-03 20:00:00,2021 Challenge Cup,KCC,RGN,1,2,0,0,False
2021-05-08 13:00:00,2021 Challenge Cup,POR,NJY,1,1,6,5,True
2021-05-15 17:00:00,2021,LOU,KCC,0,0,0,0,False
2021-05-15 19:00:00,2021,NJY,HOU,1,0,0,0,False
2021-05-15 22:00:00,2021,RGN,NC,0,0,0,0,False
2021-05-16 18:00:00,2021,ORL,WAS,1,1,0,0,False
2021-05-16 19:00:00,2021,POR,CHI,5,0,0,0,False
2021-05-21 19:30:00,2021,LOU,WAS,2,0,0,0,False
2021-05-22 19:00:00,2021,NC,ORL,1,2,0,0,False
2021-05-22 20:00:00,2021,CHI,NJY,0,0,0,0,False
2021-05-23 18:00:00,2021,POR,RGN,1,2,0,0,False
2021-05-23 19:00:00,2021,HOU,KCC,2,2,0,0,False
2021-05-26 19:00:00,2021,ORL,POR,2,1,0,0,False
2021-05-26 20:00:00,2021,KCC,CHI,0,2,0,0,False
2021-05-26 20:30:00,2021,WAS,HOU,2,1,0,0,False
2021-05-28 19:00:00,2021,NC,LOU,5,0,0,0,False
2021-05-29 19:30:00,2021,HOU,CHI,2,1,0,0,False
2021-05-30 15:00:00,2021,NJY,POR,0,1,0,0,False
2021-05-30 18:00:00,2021,ORL,KCC,1,0,0,0,False
2021-05-30 19:00:00,2021,RGN,WAS,0,1,0,0,False
2021-06-05 14:00:00,2021,CHI,NC,1,0,0,0,False
2021-06-05 19:00:00,2021,NJY,RGN,1,0,0,0,False
2021-06-05 22:30:00,2021,POR,LOU,3,0,0,0,False
2021-06-06 14:00:00,2021,KCC,HOU,0,1,0,0,False
2021-06-06 14:00:00,2021,WAS,ORL,1,1,0,0,False
2021-06-19 16:00:00,2021,NC,RGN,2,1,0,0,False
2021-06-19 20:00:00,2021,CHI,WAS,1,1,0,0,False
2021-06-20 15:00:00,2021,LOU,HOU,1,0,0,0,False
2021-06-20 16:00:00,2021,POR,KCC,1,0,0,0,False
2021-06-20 18:00:00,2021,ORL,NJY,1,1,0,0,False
2021-06-22 22:00:00,2021,RGN,CHI,2,0,0,0,False
2021-06-23 14:00:00,2021,KCC,ORL,1,3,0,0,False
2021-06-23 19:30:00,2021,LOU,NC,0,2,0,0,False
2021-06-26 16:00:00,2021,RGN,NJY,0,3,0,0,False
2021-06-26 16:25:00,2021,CHI,LOU,0,3,0,0,False
2021-06-26 19:00:00,2021,NC,POR,2,0,0,0,False
2021-06-26 20:00:00,2021,HOU,ORL,2,1,0,0,False
2021-06-26 20:30:00,2021,KCC,WAS,1,2,0,0,False
2021-07-02 19:30:00,2021,WAS,CHI,0,1,0,0,False
2021-07-02 20:30:00,2021,HOU,RGN,2,0,0,0,False
2021-07-02 22:20:00,2021,NJY,KCC,1,1,0,0,False
2021-07-03 19:30:00,2021,LOU,POR,0,2,0,0,False
2021-07-04 18:00:00,2021,ORL,NC,0,2,0,0,False
2021-07-09 19:00:00,2021,ORL,LOU,1,1,0,0,False
2021-07-10 19:00:00,2021,WAS,NC,2,0,0,0,False
2021-07-11 15:00:00,2021,POR,NJY,0,0,0,0,False
2021-07-11 18:00:00,2021,CHI,HOU,2,1,0,0,False
2021-07-11 19:00:00,2021,RGN,KCC,2,0,0,0,False
2021-07-17 19:00:00,2021,NC,HOU,1,2,0,0,False
2021-07-18 17:00:00,2021,WAS,NJY,2,3,0,0,False
2021-07-18 18:00:00,2021,CHI,RGN,3,1,0,0,False
2021-07-18 22:30:00,2021,POR,ORL,2,1,0,0,False
2021-07-23 20:00:00,2021,KCC,NC,0,0,0,0,False
2021-07-24 19:00:00,2021,ORL,RGN,0,2,0,0,False
2021-07-24 20:30:00,2021,HOU,POR,0,1,0,0,False
2021-07-25 17:00:00,2021,NJY,CHI,2,1,0,0,False
2021-07-25 19:30:00,2021,LOU,WAS,0,2,0,0,False
2021-07-31 19:00:00,2021,NC,ORL,1,1,0,0,False
2021-07-31 22:00:00,2021,RGN,LOU,2,0,0,0,False
2021-08-01 15:00:00,2021,POR,KCC,2,0,0,0,False
2021-08-01 18:00:00,2021,CHI,WAS,3,1,0,0,False
2021-08-01 19:00:00,2021,HOU,NJY,1,1,0,0,False
2021-08-07 19:00:00,2021,NJY,NC,0,1,0,0,False
2021-08-07 19:30:00,2021,WAS,POR,0,1,0,0,False
2021-08-07 22:00:00,2021,RGN,HOU,5,1,0,0,False
2021-08-08 15:00:00,2021,LOU,KCC,3,1,0,0,False
2021-08-08 18:00:00,2021,CHI,ORL,0,2,0,0,False
2021-08-13 20:30:00,2021,HOU,WAS,2,2,0,0,False
2021-08-14 19:00:00,2021,ORL,POR,1,1,0,0,False
2021-08-14 20:00:00,2021,KCC,RGN,1,0,0,0,False
2021-08-15 17:00:00,2021,NJY,LOU,1,1,0,0,False
2021-08-15 18:45:00,2021,NC,CHI,1,0,0,0,False
2021-08-18 20:05:00,2021,LOU,CHI,1,1,0,0,False
2021-08-21 19:00:00,2021,NC,KCC,4,0,0,0,False
2021-08-21 22:00:00,2021,RGN,NJY,3,2,0,0,False
2021-08-22 16:00:00,2021,WAS,ORL,2,1,0,0,False
2021-08-25 20:00:00,2021,KCC,LOU,2,1,0,0,False
2021-08-25 22:30:00,2021,POR,NJY,2,1,0,0,False
2021-08-28 20:00:00,2021,CHI,KCC,3,0,0,0,False
2021-08-29 17:00:00,2021,WAS,NC,0,0,0,0,False
2021-08-29 17:30:00,2021,NJY,ORL,0,1,0,0,False
2021-08-29 19:00:00,2021,RGN,POR,2,1,0,0,False
2021-08-29 19:30:00,2021,HOU,LOU,1,0,0,0,False
2021-09-01 20:00:00,2021,HOU,RGN,0,1,0,0,False
2021-09-04 19:00:00,2021,NJY,CHI,0,0,0,0,False
2021-09-04 19:30:00,2021,LOU,RGN,1,1,0,0,False
2021-09-04 22:30:00,2021,POR,WAS,3,0,0,0,False
2021-09-05 16:00:00,2021,ORL,HOU,1,1,0,0,False
2021-09-05 19:00:00,2021,KCC,NC,0,0,0,0,False
2021-09-10 20:30:00,2021,HOU,CHI,1,1,0,0,False
2021-09-11 19:00:00,2021,ORL,LOU,3,1,0,0,False
2021-09-12 15:00:00,2021,NC,POR,0,1,0,0,False
2021-09-12 17:00:00,2021,WAS,RGN,0,3,0,0,False
2021-09-25 15:00:00,2021,NJY,NC,3,1,0,0,False
2021-09-25 20:00:00,2021,CHI,POR,2,1,0,0,False
2021-09-26 15:00:00,2021,LOU,HOU,0,4,0,0,False
2021-09-26 17:00:00,2021,WAS,KCC,2,1,0,0,False
2021-09-26 19:00:00,2021,RGN,ORL,3,0,0,0,False
2021-10-06 19:00:00,2021,NJY,WAS,0,0,0,0,False
2021-10-06 19:30:00,2021,NC,LOU,3,1,0,0,False
2021-10-06 22:00:00,2021,POR,HOU,2,3,0,0,False
2021-10-09 19:00:00,2021,ORL,NJY,2,3,0,0,False
2021-10-09 19:30:00,2021,WAS,LOU,3,0,0,0,False
2021-10-10 17:00:00,2021,KCC,POR,0,0,0,0,False
2021-10-10 19:00:00,2021,HOU,NC,4,1,0,0,False
2021-10-10 19:00:00,2021,RGN,CHI,3,2,0,0,False
2021-10-13 19:30:00,2021,NC,WAS,1,2,0,0,False
2021-10-13 20:00:00,2021,CHI,ORL,1,0,0,0,False
2021-10-13 20:00:00,2021,KCC,HOU,3,0,0,0,False
2021-10-13 22:30:00,2021,POR,RGN,1,1,0,0,False
2021-10-16 19:30:00,2021,LOU,ORL,3,1,0,0,False
2021-10-16 20:00:00,2021,CHI,KCC,2,1,0,0,False
2021-10-16 22:00:00,2021,RGN,WAS,0,2,0,0,False
2021-10-17 14:00:00,2021,NC,NJY,0,3,0,0,False
2021-10-17 19:00:00,2021,HOU,POR,0,1,0,0,False
2021-10-22 20:00:00,2021,KCC,NJY,1,1,0,0,False
2021-10-28 19:30:00,2021,LOU,NJY,1,1,0,0,False
2021-10-29 19:00:00,2021,ORL,CHI,0,1,0,0,False
2021-10-30 21:00:00,2021,KCC,RGN,0,3,0,0,False
2021-10-30 22:00:00,2021,POR,NC,0,0,0,0,False
2021-10-31 14:00:00,2021,WAS,HOU,1,0,0,0,False
2021-10-31 15:00:00,2021,NJY,LOU,1,1,0,0,False
2021-11-07 15:00:00,2021,CHI,NJY,1,0,0,0,True
2021-11-07 17:30:00,2021,WAS,NC,1,0,0,0,True
2021-11-14 15:00:00,2021,RGN,WAS,1,2,0,0,True
2021-11-14 17:30:00,2021,POR,CHI,0,2,0,0,True
2021-11-20 12:00:00,2021,WAS,CHI,2,1,0,0,True
2022-03-18 19:30:00,2022 Challenge Cup,LOU,KCC,1,1,0,0,False
2022-03-18 22:00:00,2022 Challenge Cup,RGN,POR,1,1,0,0,False
2022-03-19 19:00:00,2022 Challenge Cup,ORL,WAS,0,0,0,0,False
2022-03-19 19:00:00,2022 Challenge Cup,NC,NJY,2,0,0,0,False
2022-03-19 21:00:00,2022 Challenge Cup,LA,SD,1,1,0,0,False
2022-03-20 19:00:00,2022 Challenge Cup,HOU,CHI,1,3,0,0,False
2022-03-25 19:30:00,2022 Challenge Cup,WAS,NJY,1,1,0,0,False
2022-03-25 19:30:00,2022 Challenge Cup,LOU,HOU,2,3,0,0,False
2022-03-25 20:30:00,2022 Challenge Cup,CHI,KCC,1,2,0,0,False
2022-03-26 16:00:00,2022 Challenge Cup,LA,RGN,1,3,0,0,False
2022-03-26 19:00:00,2022 Challenge Cup,NC,ORL,1,0,0,0,False
2022-03-26 22:00:00,2022 Challenge Cup,SD,POR,0,1,0,0,False
2022-03-30 19:00:00,2022 Challenge Cup,ORL,NJY,0,1,0,0,False
2022-03-30 19:30:00,2022 Challenge Cup,WAS,NC,2,2,0,0,False
2022-03-30 19:30:00,2022 Challenge Cup,CHI,LOU,0,0,0,0,False
2022-03-30 20:30:00,2022 Challenge Cup,HOU,KCC,0,3,0,0,False
2022-03-30 22:00:00,2022 Challenge Cup,POR,LA,3,0,0,0,False
2022-04-02 15:00:00,2022 Challenge Cup,KCC,LOU,0,3,0,0,False
2022-04-02 16:00:00,2022 Challenge Cup,SD,LA,4,2,0,0,False
2022-04-02 20:00:00,2022 Challenge Cup,CHI,HOU,2,0,0,0,False
2022-04-02 22:00:00,2022 Challenge Cup,POR,RGN,0,1,0,0,False
2022-04-03 15:00:00,2022 Challenge Cup,NJY,NC,1,1,0,0,False
2022-04-03 16:00:00,2022 Challenge Cup,WAS,ORL,4,1,0,0,False
2022-04-14 22:00:00,2022 Challenge Cup,RGN,SD,3,1,0,0,False
2022-04-15 20:00:00,2022 Challenge Cup,KCC,HOU,2,1,0,0,False
2022-04-16 19:00:00,2022 Challenge Cup,ORL,NC,2,4,0,0,False
2022-04-16 19:30:00,2022 Challenge Cup,LOU,CHI,1,1,0,0,False
2022-04-17 15:00:00,2022 Challenge Cup,NJY,WAS,1,3,0,0,False
2022-04-17 18:00:00,2022 Challenge Cup,RGN,LA,2,1,0,0,False
2022-04-17 19:00:00,2022 Challenge Cup,POR,SD,3,2,0,0,False
2022-04-23 13:00:00,2022 Challenge Cup,NC,WAS,2,2,0,0,False
2022-04-23 19:00:00,2022 Challenge Cup,NJY,ORL,1,1,0,0,False
2022-04-23 22:00:00,2022 Challenge Cup,SD,RGN,1,1,0,0,False
2022-04-24 17:00:00,2022 Challenge Cup,KCC,CHI,2,1,0,0,False
2022-04-24 18:00:00,2022 Challenge Cup,HOU,LOU,2,1,0,0,False
2022-04-24 21:00:00,2022 Challenge Cup,LA,POR,1,0,0,0,False
2022-04-29 22:30:00,2022,LA,NC,2,1,0,0,False
2022-04-30 18:00:00,2022,POR,KCC,3,0,0,0,False
2022-04-30 20:00:00,2022,CHI,LOU,2,1,0,0,False
2022-05-01 17:00:00,2022,WAS,RGN,2,1,0,0,False
2022-05-01 19:00:00,2022,ORL,NJY,0,3,0,0,False
2022-05-01 19:00:00,2022,HOU,SD,0,1,0,0,False
2022-05-04 20:00:00,2022 Challenge Cup,RGN,WAS,0,0,8,9,True
2022-05-04 20:30:00,2022 Challenge Cup,KCC,NC,1,2,0,0,True
2022-05-07 13:00:00,2022 Challenge Cup,NC,WAS,2,1,0,0,True
2022-05-07 22:00:00,2022,SD,NJY,4,0,0,0,False
2022-05-08 17:00:00,2022,KCC,HOU,0,2,0,0,False
2022-05-08 18:00:00,2022,RGN,LOU,2,2,0,0,False
2022-05-08 20:00:00,2022,LA,ORL,0,1,0,0,False
2022-05-13 22:30:00,2022,POR,RGN,0,0,0,0,False
2022-05-14 18:30:00,2022,ORL,KCC,2,2,0,0,False
2022-05-14 20:00:00,2022,LOU,HOU,1,1,0,0,False
2022-05-15 17:00:00,2022,SD,CHI,2,1,0,0,False
2022-05-15 17:00:00,2022,WAS,LA,0,1,0,0,False
2022-05-18 19:00:00,2022,NC,ORL,1,2,0,0,False
2022-05-18 19:30:00,2022,LOU,SD,1,0,0,0,False
2022-05-18 22:00:00,2022,POR,WAS,1,1,0,0,False
2022-05-21 18:00:00,2022,POR,HOU,0,2,0,0,False
2022-05-21 22:30:00,2022,LA,KCC,1,0,0,0,False
2022-05-22 14:00:00,2022,NC,SD,0,1,0,0,False
2022-05-22 17:00:00,2022,NJY,LOU,0,1,0,0,False
2022-05-22 18:00:00,2022,RGN,WAS,0,0,0,0,False
2022-05-22 19:00:00,2022,ORL,CHI,2,4,0,0,False
2022-05-25 22:00:00,2022,RGN,KCC,1,0,0,0,False
2022-05-27 19:00:00,2022,ORL,WAS,2,2,0,0,False
2022-05-28 20:00:00,2022,CHI,POR,2,2,0,0,False
2022-05-29 15:00:00,2022,RGN,SD,1,0,0,0,False
2022-05-29 19:00:00,2022,HOU,NC,1,1,0,0,False
2022-05-29 20:00:00,2022,LA,NJY,0,1,0,0,False
2022-05-30 15:00:00,2022,KCC,LOU,1,0,0,0,False
2022-06-01 19:30:00,2022,WAS,CHI,1,1,0,0,False
2022-06-03 20:30:00,2022,HOU,ORL,5,0,0,0,False
2022-06-03 22:30:00,2022,POR,LA,3,0,0,0,False
2022-06-04 15:00:00,2022,CHI,RGN,1,0,0,0,False
2022-06-04 19:00:00,2022,NJY,WAS,1,0,0,0,False
2022-06-04 20:00:00,2022,LOU,NC,0,3,0,0,False
2022-06-04 20:30:00,2022,KCC,SD,2,2,0,0,False
2022-06-07 22:00:00,2022,LA,HOU,0,0,0,0,False
2022-06-08 20:00:00,2022,CHI,WAS,0,0,0,0,False
2022-06-08 22:00:00,2022,SD,POR,2,2,0,0,False
2022-06-11 19:00:00,2022,WAS,NC,2,3,0,0,False
2022-06-11 20:00:00,2022,LOU,LA,2,3,0,0,False
2022-06-11 20:30:00,2022,KCC,NJY,1,0,0,0,False
2022-06-12 17:00:00,2022,SD,RGN,1,1,0,0,False
2022-06-12 18:00:00,2022,CHI,ORL,1,0,0,0,False
2022-06-12 19:00:00,2022,HOU,POR,0,4,0,0,False
2022-06-17 19:30:00,2022,WAS,LOU,2,2,0,0,False
2022-06-18 20:30:00,2022,KCC,CHI,2,2,0,0,False
2022-06-18 22:00:00,2022,RGN,LA,1,0,0,0,False
2022-06-19 15:00:00,2022,POR,ORL,6,0,0,0,False
2022-06-19 16:00:00,2022,NJY,SD,0,3,0,0,False
2022-06-19 17:00:00,2022,NC,HOU,3,4,0,0,False
2022-07-01 20:30:00,2022,HOU,KCC,1,2,0,0,False
2022-07-01 22:00:00,2022,RGN,NC,2,0,0,0,False
2022-07-01 22:30:00,2022,LA,POR,1,1,0,0,False
2022-07-02 19:00:00,2022,NJY,CHI,0,3,0,0,False
2022-07-03 17:00:00,2022,SD,WAS,2,1,0,0,False
2022-07-03 20:00:00,2022,ORL,LOU,2,2,0,0,False
2022-07-08 19:00:00,2022,ORL,HOU,1,0,0,0,False
2022-07-08 20:00:00,2022,LOU,NJY,1,2,0,0,False
2022-07-09 22:30:00,2022,LA,SD,2,1,0,0,False
2022-07-10 17:00:00,2022,WAS,KCC,0,1,0,0,False
2022-07-10 18:00:00,2022,CHI,NC,2,2,0,0,False
2022-07-10 18:00:00,2022,RGN,POR,2,2,0,0,False
2022-07-15 22:00:00,2022,SD,LOU,0,0,0,0,False
2022-07-16 20:30:00,2022,HOU,CHI,4,1,0,0,False
2022-07-16 22:30:00,2022,POR,NJY,5,0,0,0,False
2022-07-17 17:00:00,2022,WAS,ORL,0,0,0,0,False
2022-07-17 19:00:00,2022,KCC,RGN,1,0,0,0,False
2022-07-29 19:30:00,2022,NC,WAS,3,3,0,0,False
2022-07-29 20:00:00,2022,LOU,POR,1,2,0,0,False
2022-07-30 20:00:00,2022,CHI,SD,0,1,0,0,False
2022-07-30 22:30:00,2022,LA,RGN,2,3,0,0,False
2022-07-31 17:00:00,2022,NJY,HOU,2,4,0,0,False
2022-07-31 19:00:00,2022,KCC,ORL,2,2,0,0,False
2022-08-02 20:00:00,2022,LOU,RGN,1,1,0,0,False
2022-08-05 20:00:00,2022,LOU,WAS,1,1,0,0,False
2022-08-05 22:30:00,2022,POR,NC,3,3,0,0,False
2022-08-07 17:00:00,2022,SD,KCC,1,2,0,0,False
2022-08-07 18:00:00,2022,RGN,HOU,1,2,0,0,False
2022-08-07 18:00:00,2022,CHI,NJY,2,0,0,0,False
2022-08-07 19:00:00,2022,ORL,LA,2,2,0,0,False
2022-08-10 20:30:00,2022,WAS,POR,1,2,0,0,False
2022-08-12 20:30:00,2022,HOU,LOU,0,0,0,0,False
2022-08-13 20:00:00,2022,NC,KCC,3,4,0,0,False
2022-08-13 22:30:00,2022,SD,ORL,0,1,0,0,False
2022-08-14 15:00:00,2022,RGN,NJY,4,1,0,0,False
2022-08-14 20:00:00,2022,LA,CHI,1,0,0,0,False
2022-08-17 20:30:00,2022,HOU,NJY,2,1,0,0,False
2022-08-19 20:00:00,2022,KCC,LA,1,1,0,0,False
2022-08-20 19:00:00,2022,NC,CHI,4,0,0,0,False
2022-08-20 19:00:00,2022,NJY,ORL,1,2,0,0,False
2022-08-20 22:00:00,2022,SD,HOU,3,1,0,0,False
2022-08-24 19:00:00,2022,NC,POR,3,1,0,0,False
2022-08-26 19:30:00,2022,ORL,RGN,1,2,0,0,False
2022-08-27 19:30:00,2022,LOU,CHI,0,4,0,0,False
2022-08-27 20:30:00,2022,HOU,WAS,2,2,0,0,False
2022-08-27 22:30:00,2022,POR,SD,0,2,0,0,False
2022-08-28 17:00:00,2022,NJY,LA,1,3,0,0,False
2022-08-28 19:00:00,2022,KCC,NC,3,2,0,0,False
2022-09-04 17:00:00,2022,NJY,NC,0,1,0,0,False
2022-09-09 19:00:00,2022,ORL,POR,0,2,0,0,False
2022-09-09 22:00:00,2022,RGN,CHI,2,2,0,0,False
2022-09-10 13:00:00,2022,WAS,SD,4,3,0,0,False
2022-09-10 19:00:00,2022,NC,LOU,5,1,0,0,False
2022-09-11 18:00:00,2022,NJY,KCC,0,1,0,0,False
2022-09-11 19:00:00,2022,HOU,LA,1,1,0,0,False
2022-09-14 19:00:00,2022,NC,LA,1,0,0,0,False
2022-09-14 20:00:00,2022,CHI,KCC,4,0,0,0,False
2022-09-16 19:30:00,2022,LOU,ORL,2,0,0,0,False
2022-09-17 19:00:00,2022,WAS,NJY,2,0,0,0,False
2022-09-17 19:30:00,2022,NC,RGN,1,2,0,0,False
2022-09-17 20:00:00,2022,CHI,HOU,0,1,0,0,False
2022-09-17 22:00:00,2022,SD,LA,1,0,0,0,False
2022-09-18 17:00:00,2022,KCC,POR,1,1,0,0,False
2022-09-21 19:00:00,2022,ORL,NC,0,3,0,0,False
2022-09-21 19:00:00,2022,NJY,RGN,0,1,0,0,False
2022-09-21 22:00:00,2022,POR,LOU,3,0,0,0,False
2022-09-21 22:30:00,2022,LA,WAS,2,1,0,0,False
2022-09-24 19:00:00,2022,NC,NJY,3,0,0,0,False
2022-09-24 20:30:00,2022,HOU,RGN,0,2,0,0,False
2022-09-25 16:00:00,2022,POR,CHI,3,0,0,0,False
2022-09-25 17:00:00,2022,KCC,WAS,3,0,0,0,False
2022-09-25 19:00:00,2022,ORL,SD,2,2,0,0,False
2022-09-25 20:00:00,2022,LA,LOU,1,3,0,0,False
2022-09-30 22:00:00,2022,SD,NC,0,0,0,0,False
2022-10-01 18:00:00,2022,NJY,POR,3,3,0,0,False
2022-10-01 19:00:00,2022,WAS,HOU,1,2,0,0,False
2022-10-01 19:30:00,2022,LOU,KCC,1,0,0,0,False
2022-10-01 22:00:00,2022,RGN,ORL,3,0,0,0,False
2022-10-02 18:00:00,2022,CHI,LA,2,0,0,0,False
2022-10-16 17:00:00,2022,HOU,KCC,1,2,0,0,True
2022-10-16 22:00:00,2022,SD,CHI,2,1,0,0,True
2022-10-23 17:00:00,2022,POR,SD,2,1,0,0,True
2022-10-23 19:30:00,2022,RGN,KCC,0,2,0,0,True
2022-10-29 19:59:00,2022,POR,KCC,2,0,0,0,True
2023-03-25 14:00:00,2023,NC,KCC,1,0,0,0,False
2023-03-25 22:00:00,2023,SD,CHI,3,2,0,0,False
2023-03-26 16:00:00,2023,WAS,RGN,1,0,0,0,False
2023-03-26 17:00:00,2023,POR,ORL,4,0,0,0,False
2023-03-26 19:00:00,2023,HOU,LOU,0,0,0,0,False
2023-03-26 21:00:00,2023,LA,NJY,1,2,0,0,False
2023-04-01 12:30:00,2023,KCC,POR,1,4,0,0,False
2023-04-01 14:00:00,2023,CHI,HOU,1,2,0,0,False
2023-04-01 15:00:00,2023,LOU,WAS,2,2,0,0,False
2023-04-01 21:13:00,2023,NJY,RGN,0,2,0,0,False
2023-04-01 22:00:00,2023,SD,NC,3,1,0,0,False
2023-04-02 17:30:00,2023,ORL,LA,1,2,0,0,False
2023-04-14 22:30:00,2023,POR,HOU,1,1,0,0,False
2023-04-15 19:00:00,2023,NC,WAS,1,2,0,0,False
2023-04-15 19:00:00,2023,ORL,NJY,0,2,0,0,False
2023-04-15 20:00:00,2023,CHI,KCC,4,2,0,0,False
2023-04-15 22:00:00,2023,LA,LOU,2,2,0,0,False
2023-04-15 22:00:00,2023,RGN,SD,1,0,0,0,False
2023-04-19 19:00:00,2023 Challenge Cup,ORL,NC,1,1,0,0,False
2023-04-19 19:30:00,2023 Challenge Cup,NJY,WAS,1,0,0,0,False
2023-04-19 19:30:00,2023 Challenge Cup,HOU,KCC,0,2,0,0,False
2023-04-19 22:00:00,2023 Challenge Cup,SD,POR,1,0,0,0,False
2023-04-19 22:00:00,2023 Challenge Cup,LA,RGN,0,2,0,0,False
2023-04-22 15:30:00,2023,RGN,CHI,0,0,0,0,False
2023-04-22 19:00:00,2023,WAS,HOU,0,0,0,0,False
2023-04-22 19:30:00,2023,NJY,NC,0,0,0,0,False
2023-04-22 22:30:00,2023,POR,LOU,0,0,0,0,False
2023-04-23 17:00:00,2023,KCC,ORL,0,0,0,0,False
2023-04-23 20:00:00,2023,LA,SD,0,0,0,0,False
2023-04-28 20:30:00,2023,HOU,NC,0,0,0,0,False
2023-04-29 19:30:00,2023,LOU,RGN,0,0,0,0,False
2023-04-29 20:00:00,2023,CHI,WAS,0,0,0,0,False
2023-04-29 22:00:00,2023,SD,ORL,0,0,0,0,False
2023-04-29 22:30:00,2023,POR,LA,0,0,0,0,False
2023-04-30 18:00:00,2023,KCC,NJY,0,0,0,0,False
2023-05-03 19:00:00,2023 Challenge Cup,NC,NJY,0,0,0,0,False
2023-05-03 20:00:00,2023 Challenge Cup,HOU,CHI,0,0,0,0,False
2023-05-03 22:00:00,2023 Challenge Cup,RGN,LA,0,0,0,0,False
2023-05-06 13:00:00,2023,WAS,SD,0,0,0,0,False
2023-05-06 19:00:00,2023,ORL,LOU,0,0,0,0,False
2023-05-06 19:00:00,2023,NC,POR,0,0,0,0,False
2023-05-06 22:00:00,2023,RGN,HOU,0,0,0,0,False
2023-05-07 18:00:00,2023,CHI,NJY,0,0,0,0,False
2023-05-07 20:00:00,2023,LA,KCC,0,0,0,0,False
2023-05-10 19:30:00,2023 Challenge Cup,WAS,ORL,0,0,0,0,False
2023-05-12 19:30:00,2023,LOU,CHI,0,0,0,0,False
2023-05-12 20:30:00,2023,HOU,POR,0,0,0,0,False
2023-05-13 22:00:00,2023,LA,WAS,0,0,0,0,False
2023-05-14 15:00:00,2023,NC,RGN,0,0,0,0,False
2023-05-14 17:30:00,2023,NJY,ORL,0,0,0,0,False
2023-05-14 18:00:00,2023,KCC,SD,0,0,0,0,False
2023-05-17 19:30:00,2023 Challenge Cup,LOU,KCC,0,0,0,0,False
2023-05-20 19:00:00,2023,ORL,WAS,0,0,0,0,False
2023-05-20 19:00:00,2023,NC,LA,0,0,0,0,False
2023-05-20 20:00:00,2023,KCC,LOU,0,0,0,0,False
2023-05-20 20:30:00,2023,HOU,SD,0,0,0,0,False
2023-05-21 17:00:00,2023,POR,CHI,0,0,0,0,False
2023-05-21 18:00:00,2023,RGN,NJY,0,0,0,0,False
2023-05-26 20:00:00,2023,KCC,HOU,0,0,0,0,False
2023-05-26 22:00:00,2023,SD,POR,0,0,0,0,False
2023-05-27 15:30:00,2023,RGN,LA,0,0,0,0,False
2023-05-27 20:00:00,2023,CHI,ORL,0,0,0,0,False
2023-05-27 20:00:00,2023,LOU,NC,0,0,0,0,False
2023-05-28 17:00:00,2023,WAS,NJY,0,0,0,0,False
2023-05-31 20:00:00,2023 Challenge Cup,CHI,LOU,0,0,0,0,False
2023-05-31 22:00:00,2023 Challenge Cup,SD,RGN,0,0,0,0,False
2023-05-31 22:30:00,2023 Challenge Cup,POR,LA,0,0,0,0,False
2023-06-03 20:00:00,2023,RGN,POR,0,0,0,0,False
2023-06-03 20:00:00,2023,WAS,LOU,0,0,0,0,False
2023-06-03 20:30:00,2023,KCC,NC,0,0,0,0,False
2023-06-03 20:30:00,2023,HOU,ORL,0,0,0,0,False
2023-06-04 17:30:00,2023,NJY,SD,0,0,0,0,False
2023-06-04 20:00:00,2023,LA,CHI,0,0,0,0,False
2023-06-07 19:30:00,2023 Challenge Cup,NJY,ORL,0,0,0,0,False
2023-06-09 20:00:00,2023,LOU,SD,0,0,0,0,False
2023-06-09 20:00:00,2023,CHI,NC,0,0,0,0,False
2023-06-10 19:00:00,2023,WAS,LA,0,0,0,0,False
2023-06-10 20:00:00,2023,CHI,NC,0,0,0,0,False
2023-06-10 22:00:00,2023,RGN,KCC,0,0,0,0,False
2023-06-11 19:00:00,2023,HOU,NJY,0,0,0,0,False
2023-06-11 19:00:00,2023,ORL,POR,0,0,0,0,False
2023-06-14 19:30:00,2023 Challenge Cup,WAS,NC,0,0,0,0,False
2023-06-14 20:00:00,2023 Challenge Cup,KCC,CHI,0,0,0,0,False
2023-06-14 20:00:00,2023 Challenge Cup,LOU,HOU,0,0,0,0,False
2023-06-17 16:00:00,2023,SD,LA,0,0,0,0,False
2023-06-17 19:00:00,2023,NC,ORL,0,0,0,0,False
2023-06-17 20:30:00,2023,HOU,RGN,0,0,0,0,False
2023-06-18 16:00:00,2023,LOU,NJY,0,0,0,0,False
2023-06-18 18:00:00,2023,CHI,POR,0,0,0,0,False
2023-06-18 19:00:00,2023,KCC,WAS,0,0,0,0,False
2023-06-23 22:30:00,2023,POR,WAS,0,0,0,0,False
2023-06-24 19:00:00,2023,NC,LOU,0,0,0,0,False
2023-06-24 19:00:00,2023,ORL,KCC,0,0,0,0,False
2023-06-24 22:00:00,2023,SD,RGN,0,0,0,0,False
2023-06-25 17:30:00,2023,NJY,CHI,0,0,0,0,False
2023-06-25 20:00:00,2023,LA,HOU,0,0,0,0,False
2023-06-28 19:00:00,2023 Challenge Cup,ORL,NJY,0,0,0,0,False
2023-06-28 22:30:00,2023 Challenge Cup,LA,SD,0,0,0,0,False
2023-06-28 22:30:00,2023 Challenge Cup,POR,RGN,0,0,0,0,False
2023-07-01 15:30:00,2023,RGN,LOU,0,0,0,0,False
2023-07-01 19:00:00,2023,WAS,ORL,0,0,0,0,False
2023-07-01 19:30:00,2023,NC,HOU,0,0,0,0,False
2023-07-01 20:00:00,2023,CHI,SD,0,0,0,0,False
2023-07-01 22:00:00,2023,POR,KCC,0,0,0,0,False
2023-07-02 17:30:00,2023,NJY,LA,0,0,0,0,False
2023-07-07 19:00:00,2023,ORL,RGN,0,0,0,0,False
2023-07-07 20:00:00,2023,LOU,KCC,0,0,0,0,False
2023-07-07 20:30:00,2023,HOU,CHI,0,0,0,0,False
2023-07-08 22:00:00,2023,SD,WAS,0,0,0,0,False
2023-07-09 17:30:00,2023,NJY,POR,0,0,0,0,False
2023-07-09 20:00:00,2023,LA,NC,0,0,0,0,False
2023-07-21 19:00:00,2023 Challenge Cup,LOU,CHI,0,0,0,0,False
2023-07-21 22:30:00,2023 Challenge Cup,POR,SD,0,0,0,0,False
2023-07-22 19:00:00,2023 Challenge Cup,NC,WAS,0,0,0,0,False
2023-07-22 20:00:00,2023 Challenge Cup,KCC,HOU,0,0,0,0,False
2023-07-28 19:00:00,2023 Challenge Cup,WAS,NJY,0,0,0,0,False
2023-07-28 22:00:00,2023 Challenge Cup,RGN,SD,0,0,0,0,False
2023-07-29 19:00:00,2023 Challenge Cup,NC,ORL,0,0,0,0,False
2023-07-29 20:00:00,2023 Challenge Cup,CHI,KCC,0,0,0,0,False
2023-07-29 20:30:00,2023 Challenge Cup,HOU,LOU,0,0,0,0,False
2023-07-29 22:00:00,2023 Challenge Cup,LA,POR,0,0,0,0,False
2023-08-04 19:00:00,2023 Challenge Cup,ORL,WAS,0,0,0,0,False
2023-08-04 20:00:00,2023 Challenge Cup,KCC,LOU,0,0,0,0,False
2023-08-05 19:30:00,2023 Challenge Cup,NJY,NC,0,0,0,0,False
2023-08-05 19:30:00,2023 Challenge Cup,SD,LA,0,0,0,0,False
2023-08-05 20:00:00,2023 Challenge Cup,CHI,HOU,0,0,0,0,False
2023-08-06 18:00:00,2023 Challenge Cup,RGN,POR,0,0,0,0,False
2023-08-18 20:00:00,2023,KCC,RGN,0,0,0,0,False
2023-08-19 19:30:00,2023,LOU,LA,0,0,0,0,False
2023-08-19 20:30:00,2023,HOU,WAS,0,0,0,0,False
2023-08-19 22:00:00,2023,SD,NJY,0,0,0,0,False
2023-08-20 19:00:00,2023,ORL,CHI,0,0,0,0,False
2023-08-20 22:30:00,2023,POR,NC,0,0,0,0,False
2023-08-25 19:00:00,2023,ORL,SD,0,0,0,0,False
2023-08-26 20:30:00,2023,HOU,KCC,0,0,0,0,False
2023-08-27 14:00:00,2023,NC,CHI,0,0,0,0,False
2023-08-27 17:00:00,2023,WAS,POR,0,0,0,0,False
2023-08-27 17:30:00,2023,NJY,LOU,0,0,0,0,False
2023-08-27 20:00:00,2023,LA,RGN,0,0,0,0,False
2023-09-01 20:00:00,2023,KCC,LA,0,0,0,0,False
2023-09-02 19:00:00,2023,NC,NJY,0,0,0,0,False
2023-09-02 19:30:00,2023,LOU,POR,0,0,0,0,False
2023-09-03 17:00:00,2023,WAS,CHI,0,0,0,0,False
2023-09-03 18:00:00,2023,RGN,ORL,0,0,0,0,False
2023-09-03 20:00:00,2023,SD,HOU,0,0,0,0,False
2023-09-15 19:30:00,2023,LOU,HOU,0,0,0,0,False
2023-09-16 19:30:00,2023,NJY,WAS,0,0,0,0,False
2023-09-16 22:00:00,2023,SD,KCC,0,0,0,0,False
2023-09-16 22:30:00,2023,POR,RGN,0,0,0,0,False
2023-09-17 18:00:00,2023,CHI,LA,0,0,0,0,False
2023-09-17 19:00:00,2023,ORL,NC,0,0,0,0,False
2023-09-21 22:00:00,2023,LA,ORL,0,0,0,0,False
2023-09-30 19:00:00,2023,WAS,KCC,0,0,0,0,False
2023-09-30 20:00:00,2023,CHI,LOU,0,0,0,0,False
2023-09-30 22:30:00,2023,POR,SD,0,0,0,0,False
2023-10-01 18:30:00,2023,NJY,HOU,0,0,0,0,False
2023-10-01 20:00:00,2023,RGN,NC,0,0,0,0,False
2023-10-06 19:30:00,2023,LOU,ORL,0,0,0,0,False
2023-10-06 22:00:00,2023,RGN,WAS,0,0,0,0,False
2023-10-07 17:00:00,2023,POR,NJY,0,0,0,0,False
2023-10-07 19:00:00,2023,NC,SD,0,0,0,0,False
2023-10-07 20:00:00,2023,KCC,CHI,0,0,0,0,False
2023-10-08 19:00:00,2023,HOU,LA,0,0,0,0,False
2023-10-15 17:00:00,2023,WAS,NC,0,0,0,0,False
2023-10-15 17:00:00,2023,SD,LOU,0,0,0,0,False
2023-10-15 17:00:00,2023,NJY,KCC,0,0,0,0,False
2023-10-15 17:00:00,2023,LA,POR,0,0,0,0,False
2023-10-15 17:00:00,2023,CHI,RGN,0,0,0,0,False
2023-10-15 17:00:00,2023,ORL,HOU,0,0,0,0,False
